192.168.3.131,55950,72.14.213.102,80,6,5,1156,3,619,40,231,984,420,40,206,527,277,0,0,0,0,0,0,0,0,0,0,0,0,0,0,0,0,0,5,1156,3,619,1,1,0,0,212,132,0
192.168.3.131,55955,207.46.148.38,80,6,5,660,3,407,40,132,488,199,40,135,319,158,0,0,0,0,0,0,0,0,0,0,0,0,0,0,0,0,0,5,660,3,407,1,1,0,0,212,128,0
192.168.3.131,55954,65.55.17.37,80,6,13,2369,19,25234,40,182,692,268,44,1328,1500,418,0,0,2,0,0,0,2,0,2,2,2,2,0,0,0,0,0,13,2369,19,25234,3,4,0,0,532,764,0
192.168.3.131,58264,208.82.236.129,80,6,5,765,4,388,40,153,593,246,40,97,256,106,0,0,0,0,0,0,0,0,0,0,0,0,0,0,0,0,0,5,765,4,388,1,1,0,0,212,172,0
192.168.3.131,58265,208.82.236.129,80,6,6,858,8,6980,40,143,646,246,40,872,1500,720,0,0,0,0,0,0,0,0,0,0,0,0,0,0,0,0,0,6,858,8,6980,1,4,0,0,252,332,0
192.168.3.131,58272,208.82.236.129,80,6,7,856,8,6916,40,122,604,212,40,864,1500,721,0,0,0,0,1,0,1,0,1,1,1,1,0,0,0,0,0,7,856,8,6916,1,4,0,0,292,332,0
192.168.3.131,55963,65.54.95.140,80,6,12,1685,13,13111,40,140,438,179,40,1008,1500,639,3,0,4,1,3,0,4,1,10,10,10,10,0,0,0,0,0,12,1685,13,13111,3,3,0,0,492,532,0
192.168.3.131,55973,65.54.95.142,80,6,16,1040,26,34256,40,65,428,96,40,1317,1500,474,3,0,5,1,3,0,5,1,8,8,8,8,0,0,0,0,0,16,1040,26,34256,1,1,0,0,652,1052,0
192.168.3.131,55960,206.108.207.139,80,6,6,763,4,694,40,127,551,207,40,173,562,259,0,3,18,8,18,6,18,10,18,18,18,18,0,0,0,0,0,6,763,4,694,1,1,0,0,252,172,0
192.168.3.131,52201,72.14.213.102,443,6,6,434,5,2255,40,72,222,73,40,451,1470,627,0,0,0,0,0,0,0,0,0,0,0,0,0,0,0,0,0,6,434,5,2255,1,1,0,0,252,212,0
192.168.3.131,52203,72.14.213.102,443,6,6,434,5,2255,40,72,222,73,40,451,1470,627,0,0,0,0,0,0,0,0,0,0,0,0,0,0,0,0,0,6,434,5,2255,1,1,0,0,252,212,0
192.168.3.131,52204,72.14.213.102,443,6,6,434,5,2255,40,72,222,73,40,451,1470,627,0,0,0,0,0,0,0,0,0,0,0,0,0,0,0,0,0,6,434,5,2255,1,1,0,0,252,212,0
192.168.3.131,52205,72.14.213.102,443,6,6,434,5,2255,40,72,222,73,40,451,1470,627,0,0,0,0,0,0,0,0,0,0,0,0,0,0,0,0,0,6,434,5,2255,1,1,0,0,252,212,0
192.168.3.131,52206,72.14.213.102,443,6,6,434,5,2255,40,72,222,73,40,451,1470,627,0,0,0,0,0,0,0,0,0,0,0,0,0,0,0,0,0,6,434,5,2255,1,1,0,0,252,212,0
192.168.3.131,52207,72.14.213.102,443,6,6,434,5,2255,40,72,222,73,40,451,1470,627,0,0,0,0,0,0,0,0,0,0,0,0,0,0,0,0,0,6,434,5,2255,1,1,0,0,252,212,0
192.168.3.131,52209,72.14.213.102,443,6,6,729,4,370,40,121,434,156,40,92,193,69,0,0,0,0,0,0,0,0,0,0,0,0,0,0,0,0,0,6,729,4,370,2,2,0,0,252,172,0
192.168.3.131,52208,72.14.213.102,443,6,6,729,4,370,40,121,434,156,40,92,193,69,0,0,0,0,0,0,0,0,0,0,0,0,0,0,0,0,0,6,729,4,370,2,2,0,0,252,172,0
192.168.3.131,52211,72.14.213.102,443,6,6,729,4,370,40,121,434,156,40,92,193,69,0,0,0,0,0,0,0,0,0,0,0,0,0,0,0,0,0,6,729,4,370,2,2,0,0,252,172,0
192.168.3.131,52210,72.14.213.102,443,6,6,729,5,410,40,121,434,156,40,82,193,64,0,0,0,0,0,0,0,0,0,0,0,0,0,0,0,0,0,6,729,5,410,2,2,0,0,252,212,0
192.168.3.131,52212,72.14.213.102,443,6,6,729,4,370,40,121,434,156,40,92,193,69,0,0,0,0,0,0,0,0,0,0,0,0,0,0,0,0,0,6,729,4,370,2,2,0,0,252,172,0
192.168.3.131,52213,72.14.213.102,443,6,6,729,4,370,40,121,434,156,40,92,193,69,0,0,0,0,0,0,0,0,0,0,0,0,0,0,0,0,0,6,729,4,370,2,2,0,0,252,172,0
192.168.3.131,52214,72.14.213.102,443,6,6,729,4,370,40,121,434,156,40,92,193,69,0,0,0,0,0,0,0,0,0,0,0,0,0,0,0,0,0,6,729,4,370,2,2,0,0,252,172,0
192.168.3.131,52215,72.14.213.102,443,6,6,729,4,370,40,121,434,156,40,92,193,69,0,0,0,0,0,0,0,0,0,0,0,0,0,0,0,0,0,6,729,4,370,2,2,0,0,252,172,0
192.168.3.131,58303,208.82.236.129,80,6,5,764,4,390,40,152,592,245,40,97,258,107,0,0,0,0,0,0,0,0,0,0,0,0,0,0,0,0,0,5,764,4,390,1,1,0,0,212,172,0
192.168.3.131,58304,208.82.236.129,80,6,6,807,8,7107,40,134,595,225,40,888,1500,721,0,0,0,0,0,0,0,0,0,0,0,0,0,0,0,0,0,6,807,8,7107,1,4,0,0,252,332,0
192.168.3.131,58305,208.82.236.129,80,6,5,607,5,1674,40,121,435,175,40,334,1500,651,0,0,0,0,0,0,0,0,0,0,0,0,0,0,0,0,0,5,607,5,1674,1,2,0,0,212,212,0
192.168.3.131,55956,66.235.139.121,80,6,8,3821,5,2046,40,477,1328,603,40,409,720,334,0,1,11,4,2,5,11,5,21,21,21,21,0,0,0,0,0,8,3821,5,2046,3,3,0,0,332,212,0
192.168.3.131,58310,208.82.236.129,80,6,7,812,9,8849,40,116,560,195,40,983,1500,710,0,0,1,0,0,0,1,0,1,1,1,1,0,0,0,0,0,7,812,9,8849,1,4,0,0,292,372,0
192.168.3.131,56042,207.46.148.38,80,6,5,850,3,701,40,170,678,284,40,233,613,328,0,0,1,0,0,0,0,0,1,1,1,1,0,0,0,0,0,5,850,3,701,1,1,0,0,212,128,0
192.168.3.131,56052,207.46.148.38,80,6,5,851,4,2033,40,170,679,284,40,508,1500,687,0,0,0,0,0,0,0,0,0,0,0,0,0,0,0,0,0,5,851,4,2033,1,1,0,0,212,168,0
192.168.3.131,56012,65.54.95.140,80,6,18,1129,30,40537,40,62,437,93,40,1351,1500,443,3,0,6,1,3,0,6,1,9,9,9,9,0,0,0,0,0,18,1129,30,40537,1,1,0,0,732,1212,0
192.168.3.131,58327,208.82.236.129,80,6,7,862,7,6320,40,123,610,214,40,902,1500,747,0,0,0,0,0,0,0,0,0,0,0,0,0,0,0,0,0,7,862,7,6320,1,4,0,0,292,292,0
192.168.3.131,52248,65.54.95.39,80,6,6,547,5,388,40,91,335,119,40,77,216,77,0,0,3,1,0,1,4,2,4,4,4,4,0,0,0,0,0,6,547,5,388,1,1,0,0,252,212,0
192.168.3.131,56066,65.54.95.75,80,6,12,1129,19,22006,40,94,677,183,40,1158,1500,610,4,0,5,1,4,0,5,1,9,9,9,9,0,0,0,0,0,12,1129,19,22006,1,1,0,0,492,772,0
192.168.3.131,56067,65.54.95.75,80,6,38,10454,50,60714,40,275,700,311,40,1214,1500,475,2,0,3,0,2,0,3,0,9,9,9,9,0,0,0,0,0,38,10454,50,60714,14,14,0,0,1532,2012,0
192.168.3.131,56068,65.54.95.68,80,6,17,3895,25,26445,40,229,700,300,40,1057,1500,639,2,0,4,1,2,0,4,0,9,9,9,9,0,0,0,0,0,17,3895,25,26445,5,7,0,0,692,1012,0
192.168.3.131,56065,65.54.95.68,80,6,54,2841,123,178168,40,52,709,91,40,1448,1500,262,4,0,5,0,4,0,5,0,9,9,9,9,0,0,0,0,0,54,2841,123,178168,1,2,0,0,2172,4932,0
192.168.3.131,56053,66.235.133.62,80,6,4,172,7,3004,40,43,52,6,40,429,1500,559,0,0,0,0,11,1,11,4,11,11,11,11,0,0,0,0,0,4,172,7,3004,0,2,0,0,172,292,0
192.168.3.131,56038,65.54.95.140,80,6,13,2334,15,14830,40,179,641,262,40,988,1500,666,3,1,10,2,3,1,10,2,14,14,14,14,0,0,0,0,0,13,2334,15,14830,3,3,0,0,532,612,0
192.168.3.131,56041,65.54.95.140,80,6,16,2457,21,24047,40,153,642,242,40,1145,1500,626,3,0,10,2,3,0,10,2,14,14,14,14,0,0,0,0,0,16,2457,21,24047,3,3,0,0,652,852,0
192.168.3.131,56037,65.54.95.140,80,6,22,2697,32,42186,40,122,642,211,40,1318,1500,448,3,0,10,2,3,0,10,1,14,14,14,14,0,0,0,0,0,22,2697,32,42186,3,3,0,0,892,1292,0
192.168.3.131,56040,65.54.95.140,80,6,13,2937,16,16347,40,225,642,288,40,1021,1500,614,4,1,9,2,4,0,9,2,14,14,14,14,0,0,0,0,0,13,2937,16,16347,4,4,0,0,532,652,0
192.168.3.131,56039,65.54.95.140,80,6,14,2974,18,18387,40,212,641,280,40,1021,1500,648,4,1,9,2,4,0,9,2,14,14,14,14,0,0,0,0,0,14,2974,18,18387,4,4,0,0,572,732,0
192.168.3.131,56036,65.54.95.140,80,6,24,3372,36,46317,40,140,642,228,40,1286,1500,464,4,0,9,2,4,0,9,1,14,14,14,14,0,0,0,0,0,24,3372,36,46317,4,4,0,0,972,1452,0
192.168.3.131,56030,65.54.95.140,80,6,6,845,4,1188,40,140,633,241,40,297,1056,506,4,2,10,4,4,4,10,5,14,14,14,14,0,0,0,0,0,6,845,4,1188,1,1,0,0,252,172,0
192.168.3.131,56033,65.54.95.140,80,6,6,837,4,1139,40,139,625,237,40,284,1007,481,4,2,10,4,4,4,10,5,14,14,14,14,0,0,0,0,0,6,837,4,1139,1,1,0,0,252,172,0
192.168.3.131,56032,65.54.95.140,80,6,6,836,4,1133,40,139,624,237,40,283,1001,478,4,2,10,4,4,4,10,5,14,14,14,14,0,0,0,0,0,6,836,4,1133,1,1,0,0,252,172,0
192.168.3.131,56031,65.54.95.140,80,6,6,847,4,1632,40,141,635,241,40,408,1500,728,4,2,10,4,4,4,10,5,14,14,14,14,0,0,0,0,0,6,847,4,1632,1,1,0,0,252,172,0
192.168.3.131,56026,65.54.95.140,80,6,9,2192,8,6559,40,243,678,302,40,819,1500,699,4,1,10,3,4,2,10,3,14,14,14,14,0,0,0,0,0,9,2192,8,6559,3,3,0,0,372,332,0
192.168.3.131,56027,65.54.95.140,80,6,12,3525,8,6064,40,293,677,311,40,758,1432,657,1,1,9,2,4,2,9,3,14,14,14,14,0,0,0,0,0,12,3525,8,6064,5,5,0,0,492,332,0
192.168.3.131,56028,65.54.95.142,80,6,7,914,7,5384,40,130,662,234,40,769,1500,728,4,2,10,4,4,2,10,4,14,14,14,14,0,0,0,0,0,7,914,7,5384,1,1,0,0,292,292,0
192.168.3.131,56029,65.54.95.142,80,6,9,1603,9,7253,40,178,668,270,40,805,1500,713,4,1,10,3,4,1,10,3,14,14,14,14,0,0,0,0,0,9,1603,9,7253,2,2,0,0,372,372,0
192.168.3.131,56044,65.54.95.216,80,6,13,1062,17,18805,40,81,570,146,40,1106,1500,642,3,1,10,2,3,0,10,2,13,13,13,13,0,0,0,0,0,13,1062,17,18805,1,1,0,0,532,692,0
192.168.3.131,56070,65.54.95.68,80,6,16,1328,28,35880,40,83,716,168,40,1281,1500,517,4,0,7,2,4,0,7,1,11,11,11,11,0,0,0,0,0,16,1328,28,35880,1,1,0,0,652,1132,0
192.168.3.131,56064,65.54.95.75,80,6,54,3526,115,163577,40,65,718,129,40,1422,1500,300,4,0,7,1,4,0,7,0,12,12,12,12,0,0,0,0,0,54,3526,115,163577,2,34,0,0,2172,4612,0
192.168.3.131,56057,65.54.95.66,80,6,9,2190,10,6362,40,243,961,400,40,636,1500,743,3,1,9,3,3,1,9,3,12,12,12,12,0,0,0,0,0,9,2190,10,6362,2,2,0,0,372,412,0
192.168.3.131,56059,65.54.95.39,80,6,13,2677,12,7166,40,205,657,258,40,597,1500,673,4,1,7,2,4,1,7,2,12,12,12,12,0,0,0,0,0,13,2677,12,7166,4,4,0,0,532,492,0
192.168.3.131,56055,65.54.95.39,80,6,15,3419,15,10581,40,227,699,275,40,705,1500,680,4,0,7,2,1,0,7,2,12,12,12,12,0,0,0,0,0,15,3419,15,10581,5,5,0,0,612,612,0
192.168.3.131,56056,65.54.95.39,80,6,12,2687,10,4622,40,223,701,272,40,462,1500,591,4,1,7,2,1,1,7,2,12,12,12,12,0,0,0,0,0,12,2687,10,4622,4,4,0,0,492,412,0
192.168.3.131,56069,65.54.95.75,80,6,16,3854,22,25052,40,240,700,306,40,1138,1500,595,4,0,4,1,4,0,4,1,11,11,11,11,0,0,0,0,0,16,3854,22,25052,5,5,0,0,652,892,0
192.168.3.131,56073,65.54.95.75,80,6,20,4626,29,31039,40,231,676,298,40,1070,1500,599,3,0,4,1,3,0,4,0,10,10,10,10,0,0,0,0,0,20,4626,29,31039,6,9,0,0,812,1172,0
192.168.3.131,56021,66.235.139.121,80,6,6,1587,9,2895,40,264,1375,544,40,321,832,337,2,0,2,0,12,1,12,4,14,14,14,14,0,0,0,0,0,6,1587,9,2895,1,4,0,0,252,372,0
192.168.3.131,58350,208.82.236.129,80,6,5,801,5,2618,40,160,629,262,40,523,1500,681,0,0,0,0,0,0,0,0,0,0,0,0,0,0,0,0,0,5,801,5,2618,1,2,0,0,212,212,0
192.168.3.131,58351,208.82.236.130,80,6,7,735,10,9578,40,105,483,166,40,957,1500,709,0,0,0,0,0,0,0,0,0,0,0,0,0,0,0,0,0,7,735,10,9578,1,4,0,0,292,412,0
192.168.3.131,58352,208.82.236.130,80,6,6,695,8,6250,40,115,483,179,40,781,1500,768,0,0,0,0,0,0,0,0,0,0,0,0,0,0,0,0,0,6,695,8,6250,1,4,0,0,252,332,0
192.168.3.131,58353,208.82.236.130,80,6,7,735,10,10128,40,105,483,166,40,1012,1500,686,0,0,0,0,0,0,0,0,0,0,0,0,0,0,0,0,0,7,735,10,10128,1,4,0,0,292,412,0
192.168.3.131,52257,65.54.95.39,80,6,6,513,5,388,40,85,301,105,40,77,216,77,0,0,4,1,0,1,4,2,4,4,4,4,0,0,0,0,0,6,513,5,388,1,1,0,0,252,212,0
192.168.3.131,52266,65.54.95.39,80,6,6,547,5,388,40,91,335,119,40,77,216,77,0,0,3,1,0,0,3,1,3,3,3,3,0,0,0,0,0,6,547,5,388,1,1,0,0,252,212,0
192.168.3.131,56092,65.54.95.68,80,6,7,952,8,5310,40,136,700,248,40,663,1500,721,4,1,5,2,4,1,5,2,9,9,9,9,0,0,0,0,0,7,952,8,5310,1,1,0,0,292,332,0
192.168.3.131,56093,65.54.95.68,80,6,14,1248,23,28434,40,89,716,180,40,1236,1500,561,4,0,8,2,4,0,8,1,12,12,12,12,0,0,0,0,0,14,1248,23,28434,1,1,0,0,572,932,0
192.168.3.131,56090,65.54.95.75,80,6,7,952,8,3714,40,136,700,248,40,464,1500,658,1,2,8,3,4,1,8,3,12,12,12,12,0,0,0,0,0,7,952,8,3714,1,1,0,0,292,332,0
192.168.3.131,56091,65.54.95.75,80,6,7,952,9,5867,40,136,700,248,40,651,1500,730,4,2,8,3,4,1,8,2,12,12,12,12,0,0,0,0,0,7,952,9,5867,1,1,0,0,292,372,0
192.168.3.131,58360,208.82.236.129,80,6,5,801,5,2668,40,160,629,262,40,533,1500,690,0,1,7,3,0,1,7,3,7,7,7,7,0,0,0,0,0,5,801,5,2668,1,2,0,0,212,212,0
192.168.3.131,58361,208.82.236.130,80,6,6,695,10,9234,40,115,483,179,40,923,1500,744,0,1,7,3,0,0,7,2,7,7,7,7,0,0,0,0,0,6,695,10,9234,1,4,0,0,252,412,0
192.168.3.131,58377,208.82.236.130,80,6,6,695,9,8700,40,115,483,179,40,966,1500,705,0,0,0,0,0,0,0,0,0,0,0,0,0,0,0,0,0,6,695,9,8700,1,4,0,0,252,372,0
192.168.3.131,58378,208.82.236.130,80,6,7,735,9,9120,40,105,483,166,40,1013,1500,727,0,0,0,0,0,0,0,0,0,0,0,0,0,0,0,0,0,7,735,9,9120,1,4,0,0,292,372,0
192.168.3.131,56129,207.46.148.38,80,6,5,857,4,2582,40,171,685,287,40,645,1500,724,0,0,0,0,0,0,0,0,0,0,0,0,0,0,0,0,0,5,857,4,2582,1,1,0,0,212,168,0
192.168.3.131,56135,207.46.148.38,80,6,5,858,4,2033,40,171,686,287,40,508,1500,687,0,0,0,0,0,0,0,0,0,0,0,0,0,0,0,0,0,5,858,4,2033,1,1,0,0,212,168,0
192.168.3.131,56132,65.54.95.140,80,6,17,1598,29,38361,40,94,946,219,40,1322,1500,464,3,0,4,1,3,0,4,0,7,7,7,7,0,0,0,0,0,17,1598,29,38361,1,1,0,0,692,1172,0
192.168.3.131,56127,65.54.95.140,80,6,6,1150,5,1676,40,191,938,365,40,335,1500,651,3,1,4,1,3,1,4,2,7,7,7,7,0,0,0,0,0,6,1150,5,1676,1,1,0,0,252,212,0
192.168.3.131,56128,65.54.95.140,80,6,8,2120,7,4626,40,265,937,412,40,660,1500,655,3,1,4,1,3,1,4,1,7,7,7,7,0,0,0,0,0,8,2120,7,4626,2,2,0,0,332,292,0
192.168.3.131,56133,65.54.95.216,80,6,19,1528,32,41698,40,80,796,173,40,1303,1500,491,3,0,4,1,3,0,4,0,7,7,7,7,0,0,0,0,0,19,1528,32,41698,1,1,0,0,772,1292,0
192.168.3.131,56140,65.54.95.68,80,6,59,3041,126,178288,40,51,709,87,40,1414,1500,312,2,0,4,0,2,0,4,0,6,6,6,6,0,0,0,0,0,59,3041,126,178288,1,36,0,0,2372,5052,0
192.168.3.131,56110,65.54.95.68,80,6,16,1329,28,34965,40,83,717,169,40,1248,1500,550,4,0,9,2,4,0,9,1,13,13,13,13,0,0,0,0,0,16,1329,28,34965,1,1,0,0,652,1132,0
192.168.3.131,56139,65.54.95.75,80,6,42,2370,91,127875,40,56,718,104,40,1405,1500,358,2,0,4,0,2,0,4,0,6,6,6,6,0,0,0,0,0,42,2370,91,127875,1,2,0,0,1692,3652,0
192.168.3.131,56060,65.54.95.39,80,6,9,1464,10,6764,40,162,607,240,40,676,1500,716,2,4,25,8,1,3,25,8,32,32,32,32,0,0,0,0,0,9,1464,10,6764,2,2,0,0,372,412,0
192.168.3.131,56112,65.54.95.68,80,6,7,952,8,5618,40,136,700,248,40,702,1500,727,4,2,9,3,4,1,9,3,13,13,13,13,0,0,0,0,0,7,952,8,5618,1,1,0,0,292,332,0
192.168.3.131,56111,65.54.95.75,80,6,7,952,7,4106,40,136,700,248,40,586,1500,703,4,2,9,3,4,2,9,3,13,13,13,13,0,0,0,0,0,7,952,7,4106,1,1,0,0,292,292,0
192.168.3.131,56113,65.54.95.75,80,6,7,952,8,5801,40,136,700,248,40,725,1500,739,4,2,9,3,4,1,9,3,13,13,13,13,0,0,0,0,0,7,952,8,5801,1,1,0,0,292,332,0
192.168.3.131,56141,65.54.95.75,80,6,9,2429,7,793,40,269,726,341,40,113,207,87,1,0,4,1,1,0,4,1,5,5,5,5,0,0,0,0,0,9,2429,7,793,3,3,0,0,372,292,0
192.168.3.131,58388,208.82.236.129,80,6,5,831,7,3916,40,166,659,275,40,559,1500,691,0,1,6,3,0,1,6,2,6,6,6,6,0,0,0,0,0,5,831,7,3916,1,3,0,0,212,292,0
192.168.3.131,56126,66.235.139.121,80,6,6,252,10,3025,40,42,52,4,40,302,922,347,0,2,10,4,0,1,10,3,11,11,11,11,0,0,0,0,0,6,252,10,3025,0,4,0,0,252,412,0
192.168.3.131,56163,207.46.148.38,80,6,5,857,3,701,40,171,685,287,40,233,613,328,0,0,0,0,0,0,0,0,0,0,0,0,0,0,0,0,0,5,857,3,701,1,1,0,0,212,128,0
192.168.3.131,56167,12.129.210.71,80,6,5,1096,4,2349,40,219,924,394,40,587,1500,697,0,0,0,0,0,0,0,0,0,0,0,0,0,0,0,0,0,5,1096,4,2349,1,1,0,0,212,164,0
192.168.3.131,58410,208.82.236.129,80,6,5,804,5,2660,40,160,632,263,40,532,1500,688,0,0,0,0,0,0,0,0,0,0,0,0,0,0,0,0,0,5,804,5,2660,1,2,0,0,212,212,0
192.168.3.131,58389,208.82.236.130,80,6,6,695,8,6843,40,115,483,179,40,855,1500,722,0,2,10,4,0,1,10,3,10,10,10,10,0,0,0,0,0,6,695,8,6843,1,4,0,0,252,332,0
192.168.3.131,58381,204.9.163.166,80,6,6,551,5,430,40,91,339,121,40,86,258,96,2,2,11,4,2,3,11,5,14,14,14,14,0,0,0,0,0,6,551,5,430,1,1,0,0,252,212,0
192.168.3.131,56165,65.54.95.140,80,6,17,1642,33,43724,40,96,990,230,40,1324,1500,478,2,0,4,1,2,0,4,0,6,6,6,6,0,0,0,0,0,17,1642,33,43724,1,1,0,0,692,1332,0
192.168.3.131,56166,65.54.95.216,80,6,11,982,17,18805,40,89,570,159,40,1106,1500,642,2,0,4,1,2,0,4,1,6,6,6,6,0,0,0,0,0,11,982,17,18805,1,1,0,0,452,692,0
192.168.3.131,56160,65.54.95.68,80,6,6,962,5,380,40,160,750,288,40,76,208,73,3,1,4,1,3,1,4,2,7,7,7,7,0,0,0,0,0,6,962,5,380,1,1,0,0,252,212,0
192.168.3.131,58416,208.82.236.129,80,6,5,835,5,3000,40,167,663,277,40,600,1500,762,0,0,3,1,0,0,3,1,3,3,3,3,0,0,0,0,0,5,835,5,3000,1,2,0,0,212,212,0
192.168.3.131,56161,66.235.139.121,80,6,3,132,8,2380,40,44,52,6,40,297,934,365,0,0,0,0,8,1,8,3,8,8,8,8,0,0,0,0,0,3,132,8,2380,0,3,0,0,132,332,0
192.168.3.131,58434,208.82.236.129,80,6,5,839,6,3898,40,167,667,279,40,649,1500,715,0,0,0,0,0,0,0,0,0,0,0,0,0,0,0,0,0,5,839,6,3898,1,3,0,0,212,252,0
192.168.3.131,56134,66.235.133.62,80,6,4,172,6,1730,40,43,52,6,40,288,779,380,11,3,11,6,14,5,14,6,25,25,25,25,0,0,0,0,0,4,172,6,1730,0,2,0,0,172,252,0
192.168.3.131,58439,208.82.236.129,80,6,5,808,5,2543,40,161,636,265,40,508,1500,669,0,0,0,0,1,0,1,0,1,1,1,1,0,0,0,0,0,5,808,5,2543,1,2,0,0,212,212,0
192.168.3.131,58417,208.82.236.130,80,6,8,775,11,10792,40,96,483,156,40,981,1500,720,0,1,10,3,0,1,11,3,11,11,11,11,0,0,0,0,0,8,775,11,10792,1,4,0,0,332,452,0
192.168.3.131,58411,204.9.163.166,80,6,6,551,5,430,40,91,339,121,40,86,258,96,2,2,11,4,2,3,11,5,13,13,13,13,0,0,0,0,0,6,551,5,430,1,1,0,0,252,212,0
192.168.3.131,56174,65.54.95.68,80,6,57,2961,123,178167,40,51,709,88,40,1448,1500,262,4,0,10,1,4,0,10,0,14,14,14,14,0,0,0,0,0,57,2961,123,178167,1,1,0,0,2292,4932,0
192.168.3.131,56194,65.54.95.68,80,6,6,962,5,380,40,160,750,288,40,76,208,73,1,1,4,1,1,1,4,1,5,5,5,5,0,0,0,0,0,6,962,5,380,1,1,0,0,252,212,0
192.168.3.131,56175,65.54.95.75,80,6,9,2429,7,793,40,269,726,341,40,113,207,87,4,1,9,3,4,2,9,3,13,13,13,13,0,0,0,0,0,9,2429,7,793,3,3,0,0,372,292,0
172.16.255.1,10616,204.9.163.158,80,6,5,277,5,493,40,55,105,28,40,98,321,124,0,0,1,0,0,0,1,0,1,1,1,1,0,0,0,0,0,5,277,5,493,1,1,0,0,212,212,0
192.168.3.131,58440,208.82.236.129,80,6,5,838,5,3000,40,167,666,278,40,600,1500,762,0,1,7,3,0,1,7,3,7,7,7,7,0,0,0,0,0,5,838,5,3000,1,2,0,0,212,212,0
192.168.3.131,58464,208.82.236.129,80,6,7,913,10,9136,40,130,661,234,40,913,1500,749,0,0,0,0,0,0,0,0,0,0,0,0,0,0,0,0,0,7,913,10,9136,1,4,0,0,292,412,0
192.168.3.131,56213,65.54.95.75,80,6,6,962,5,379,40,160,750,288,40,75,207,73,2,1,4,1,2,1,4,1,6,6,6,6,0,0,0,0,0,6,962,5,379,1,1,0,0,252,212,0
192.168.3.131,56214,65.54.95.75,80,6,6,962,5,379,40,160,750,288,40,75,207,73,2,1,4,1,2,1,4,1,6,6,6,6,0,0,0,0,0,6,962,5,379,1,1,0,0,252,212,0
172.16.255.1,10617,204.9.163.158,80,6,5,277,5,493,40,55,105,28,40,98,321,124,0,0,0,0,0,0,0,0,0,0,0,0,0,0,0,0,0,5,277,5,493,1,1,0,0,212,212,0
172.16.255.1,10618,204.9.163.158,80,6,5,277,5,493,40,55,105,28,40,98,321,124,0,0,0,0,0,0,0,0,0,0,0,0,0,0,0,0,0,5,277,5,493,1,1,0,0,212,212,0
172.16.255.1,10619,204.9.163.158,80,6,5,277,5,493,40,55,105,28,40,98,321,124,0,0,0,0,0,0,0,0,0,0,0,0,0,0,0,0,0,5,277,5,493,1,1,0,0,212,212,0
172.16.255.1,10620,204.9.163.158,80,6,5,277,5,493,40,55,105,28,40,98,321,124,0,0,0,0,0,0,0,0,0,0,0,0,0,0,0,0,0,5,277,5,493,1,1,0,0,212,212,0
192.168.3.131,55968,72.14.213.101,80,6,8,1992,7,896,40,249,1409,478,40,128,342,146,5,13,91,34,5,16,91,36,96,96,96,96,0,0,0,0,0,8,1992,7,896,2,2,0,0,344,292,0
192.168.3.131,58485,208.82.236.129,80,6,5,803,5,2598,40,160,631,263,40,519,1500,678,0,0,1,0,0,0,1,0,1,1,1,1,0,0,0,0,0,5,803,5,2598,1,2,0,0,212,212,0
192.168.3.131,58486,208.82.236.130,80,6,8,775,9,9312,40,96,483,156,40,1034,1500,699,0,0,1,0,0,0,1,0,1,1,1,1,0,0,0,0,0,8,775,9,9312,1,4,0,0,332,372,0
192.168.3.131,58490,208.82.236.130,80,6,7,735,10,9875,40,105,483,166,40,987,1500,691,0,0,0,0,0,0,0,0,0,0,0,0,0,0,0,0,0,7,735,10,9875,1,4,0,0,292,412,0
192.168.3.131,56233,65.54.95.68,80,6,16,1329,28,34657,40,83,717,169,40,1237,1500,566,3,0,4,1,3,0,4,0,7,7,7,7,0,0,0,0,0,16,1329,28,34657,1,4,0,0,652,1132,0
192.168.3.131,56236,65.54.95.68,80,6,7,952,8,4974,40,136,700,248,40,621,1500,732,3,1,4,1,3,1,4,1,7,7,7,7,0,0,0,0,0,7,952,8,4974,1,1,0,0,292,332,0
192.168.3.131,56235,65.54.95.68,80,6,7,952,7,4605,40,136,700,248,40,657,1500,767,3,1,4,1,3,1,4,1,7,7,7,7,0,0,0,0,0,7,952,7,4605,1,1,0,0,292,292,0
192.168.3.131,56234,65.54.95.75,80,6,7,952,8,5535,40,136,700,248,40,691,1500,724,3,1,4,1,3,1,4,1,7,7,7,7,0,0,0,0,0,7,952,8,5535,1,1,0,0,292,332,0
172.16.255.1,10630,204.9.163.158,80,6,5,431,5,497,40,86,259,96,40,99,325,126,0,0,1,0,0,0,1,0,1,1,1,1,0,0,0,0,0,5,431,5,497,1,1,0,0,212,212,0
192.168.3.131,56255,65.54.95.68,80,6,7,952,8,5084,40,136,700,248,40,635,1500,726,4,1,4,2,4,1,4,1,8,8,8,8,0,0,0,0,0,7,952,8,5084,1,1,0,0,292,332,0
192.168.3.131,56257,65.54.95.75,80,6,7,952,8,5322,40,136,700,248,40,665,1500,721,4,1,4,2,4,1,4,1,8,8,8,8,0,0,0,0,0,7,952,8,5322,1,1,0,0,292,332,0
192.168.3.131,56256,65.54.95.75,80,6,7,952,7,4393,40,136,700,248,40,627,1500,735,1,1,4,1,4,1,4,2,8,8,8,8,0,0,0,0,0,7,952,7,4393,1,1,0,0,292,292,0
10.0.2.15,2527,64.4.9.254,1863,6,8,468,8,559,40,58,120,28,40,69,228,64,0,0,1,0,0,0,0,0,1,1,1,1,0,0,0,0,0,8,468,8,559,3,3,0,0,328,324,0
10.0.2.15,2526,65.54.186.19,443,6,21,5506,33,21443,40,262,1500,470,40,649,1500,500,0,0,1,0,0,0,1,0,1,1,1,1,0,0,0,0,0,21,5506,33,21443,4,23,0,0,848,1324,0
192.168.3.131,58487,208.82.236.129,80,6,5,803,5,2549,40,160,631,263,40,509,1500,670,0,3,15,7,0,3,15,7,15,15,15,15,0,0,0,0,0,5,803,5,2549,1,2,0,0,212,212,0
192.168.3.131,58517,208.82.236.130,80,6,6,695,6,5041,40,115,483,179,40,840,1500,737,0,0,0,0,0,0,0,0,0,0,0,0,0,0,0,0,0,6,695,6,5041,1,4,0,0,252,252,0
172.16.255.1,10639,204.9.163.181,443,6,19,4235,28,29401,40,222,1069,373,40,1050,1500,647,1,0,3,0,0,0,3,0,5,5,5,5,0,0,0,0,0,19,4235,28,29401,5,6,0,0,772,1132,0
172.16.255.1,10643,204.9.163.181,443,6,9,1841,9,5668,40,204,1053,336,40,629,1500,685,1,0,3,1,0,0,3,1,4,4,4,4,0,0,0,0,0,9,1841,9,5668,3,4,0,0,372,372,0
172.16.255.1,10641,204.9.163.181,443,6,11,1937,13,11332,40,176,1069,312,40,871,1500,689,1,0,3,0,0,0,3,0,4,4,4,4,0,0,0,0,0,11,1937,13,11332,3,4,0,0,452,532,0
172.16.255.1,10642,204.9.163.181,443,6,11,1937,13,11828,40,176,1069,312,40,909,1500,707,1,0,3,0,0,0,3,0,4,4,4,4,0,0,0,0,0,11,1937,13,11828,3,4,0,0,452,532,0
172.16.255.1,10640,204.9.163.181,443,6,13,2017,18,17996,40,155,1069,290,40,999,1500,683,1,0,3,0,0,0,3,0,4,4,4,4,0,0,0,0,0,13,2017,18,17996,3,4,0,0,532,732,0
172.16.255.1,10627,194.165.188.79,443,6,9,995,10,765,40,110,541,165,40,76,335,92,0,1,10,3,0,1,10,3,12,12,12,12,0,0,0,0,0,9,995,10,765,4,4,0,0,372,412,0
172.16.255.1,10649,184.85.226.161,443,6,16,6992,15,11411,40,437,1085,499,40,760,1500,638,0,0,1,0,1,0,1,0,1,1,1,1,0,0,0,0,0,16,6992,15,11411,8,7,0,0,664,612,0
172.16.255.1,10661,67.215.65.132,443,6,7,822,5,1581,40,117,238,95,40,316,1041,424,0,0,1,0,0,0,1,0,1,1,1,1,0,0,0,0,0,7,822,5,1581,3,3,0,0,292,212,0
172.16.255.1,10665,67.215.65.132,443,6,7,866,5,1645,40,123,285,106,40,329,1041,426,0,0,1,0,0,0,1,0,1,1,1,1,0,0,0,0,0,7,866,5,1645,3,3,0,0,292,212,0
172.16.255.1,10664,67.215.65.132,443,6,7,850,6,1669,40,121,269,102,40,278,1041,398,0,0,1,0,0,0,1,0,1,1,1,1,0,0,0,0,0,7,850,6,1669,3,3,0,0,292,252,0
172.16.255.1,10669,204.194.237.136,80,6,7,922,5,2260,40,131,658,232,40,452,1500,638,0,0,0,0,0,0,0,0,0,0,0,0,0,0,0,0,0,7,922,5,2260,1,1,0,0,304,212,0
172.16.255.1,10668,204.194.237.136,80,6,7,860,6,2148,40,122,596,208,40,358,1500,585,0,0,0,0,0,0,0,0,0,0,0,0,0,0,0,0,0,7,860,6,2148,1,1,0,0,304,252,0
172.16.255.1,10659,109.255.178.86,443,6,7,484,3,246,40,69,112,33,52,82,119,34,0,0,1,0,1,0,1,0,2,2,2,2,0,0,0,0,0,7,484,3,246,3,2,0,0,292,132,0
172.16.255.1,10670,204.194.237.136,80,6,6,852,6,2246,40,142,640,244,40,374,1500,590,0,0,0,0,1,0,1,0,1,1,1,1,0,0,0,0,0,6,852,6,2246,1,1,0,0,252,252,0
10.0.2.15,2543,65.55.116.184,80,6,5,982,5,860,40,196,814,345,40,172,696,292,0,0,0,0,0,0,0,0,0,0,0,0,0,0,0,0,0,5,982,5,860,1,1,0,0,208,204,2
172.16.255.1,10658,109.173.29.34,443,6,9,499,7,455,40,55,112,25,40,65,119,33,1,0,2,0,0,0,3,1,5,5,5,5,0,0,0,0,0,9,499,7,455,4,3,0,0,372,292,0
172.16.255.1,10671,109.227.83.224,443,6,9,486,7,424,40,54,112,23,40,60,119,28,1,0,1,0,0,0,1,0,3,3,3,3,0,0,0,0,0,9,486,7,424,4,3,0,0,372,292,0
10.0.2.15,2545,91.103.140.2,80,6,7,1472,8,2552,40,210,679,289,40,319,1112,435,0,0,1,0,0,0,0,0,1,1,1,1,0,0,0,0,0,7,1472,8,2552,2,3,0,0,288,324,2
192.168.3.131,56035,65.55.118.107,80,6,8,2651,6,1185,40,331,1003,408,40,197,351,168,0,5,26,9,11,19,60,25,98,98,98,98,0,0,0,0,0,8,2651,6,1185,3,3,0,0,332,252,0
172.16.255.1,10635,194.165.188.76,443,6,8,656,7,378,40,82,354,109,40,54,100,21,0,2,16,6,16,2,16,6,16,16,16,16,0,0,0,0,0,8,656,7,378,3,4,0,0,332,292,0
192.168.3.131,58542,208.82.236.129,80,6,5,803,5,2758,40,160,631,263,40,551,1500,707,0,0,0,0,0,0,0,0,0,0,0,0,0,0,0,0,0,5,803,5,2758,1,2,0,0,212,212,0
192.168.3.131,58543,208.82.236.130,80,6,8,775,10,10741,40,96,483,156,40,1074,1500,686,0,0,0,0,0,0,0,0,0,0,0,0,0,0,0,0,0,8,775,10,10741,1,4,0,0,332,412,0
192.168.3.131,58443,204.9.163.166,80,6,6,551,5,430,40,91,339,121,40,86,258,96,2,9,45,19,2,11,45,22,47,47,47,47,0,0,0,0,0,6,551,5,430,1,1,0,0,252,212,0
192.168.3.131,56051,207.46.0.109,80,6,14,7533,32,22329,40,538,1446,605,40,697,1488,664,0,2,25,7,62,3,62,11,100,100,100,100,0,0,0,0,0,14,7533,32,22329,6,24,0,0,572,1292,0
172.16.255.1,10636,212.8.166.36,443,6,23,2386,27,4155,40,103,633,144,40,153,938,227,1,0,15,3,16,0,16,3,19,19,19,19,0,0,0,0,0,23,2386,27,4155,9,24,0,0,932,1092,0
10.0.2.15,2549,65.55.116.184,80,6,5,718,5,628,40,143,550,227,40,125,464,189,0,0,0,0,0,0,0,0,0,0,0,0,0,0,0,0,0,5,718,5,628,1,1,0,0,208,204,2
172.16.255.1,10638,130.117.72.100,443,6,170,7145,354,503567,40,42,363,24,40,1422,1500,259,0,0,15,1,15,0,15,0,18,18,18,18,0,0,0,0,0,170,7145,354,503567,3,20,0,0,6812,14172,0
192.168.3.131,56136,206.108.207.163,80,6,5,212,3,546,40,42,52,5,40,182,454,235,0,19,47,23,0,15,30,21,77,77,77,77,0,0,0,0,0,5,212,3,546,0,1,0,0,212,132,0
192.168.3.131,56169,206.108.207.155,80,6,5,212,3,546,40,42,52,5,40,182,454,235,0,16,35,18,0,15,30,21,65,65,65,65,0,0,0,0,0,5,212,3,546,0,1,0,0,212,132,0
192.168.3.131,56292,65.54.95.68,80,6,6,962,5,380,40,160,750,288,40,76,208,73,1,2,6,2,4,2,6,3,10,10,10,10,0,0,0,0,0,6,962,5,380,1,1,0,0,252,212,0
192.168.3.131,55966,63.215.202.48,80,6,6,767,4,788,40,127,555,209,40,197,664,311,8,26,121,53,8,43,121,67,130,130,130,130,0,0,0,0,0,6,767,4,788,1,1,0,0,252,164,0
192.168.3.131,55967,63.215.202.49,80,6,6,892,6,4446,40,148,680,260,40,741,1500,769,5,25,124,54,5,25,124,54,129,129,129,129,0,0,0,0,0,6,892,6,4446,1,1,0,0,252,244,0
192.168.3.131,56318,207.46.148.38,80,6,5,857,4,2583,40,171,685,287,40,645,1500,724,0,0,0,0,0,0,0,0,0,0,0,0,0,0,0,0,0,5,857,4,2583,1,1,0,0,212,168,0
192.168.3.131,56325,207.46.148.38,80,6,5,858,4,2653,40,171,686,287,40,663,1500,736,0,0,0,0,0,0,0,0,0,0,0,0,0,0,0,0,0,5,858,4,2653,1,1,0,0,212,168,0
172.16.255.1,10690,109.173.29.34,443,6,10,558,8,487,40,55,112,27,40,60,119,30,0,0,1,0,0,0,1,0,3,3,3,3,0,0,0,0,0,10,558,8,487,4,4,0,0,412,332,0
172.16.255.1,10689,109.227.83.224,443,6,9,502,7,447,40,55,112,25,40,63,119,31,0,0,1,0,0,0,1,0,3,3,3,3,0,0,0,0,0,9,502,7,447,4,3,0,0,372,292,0
192.168.3.131,56319,65.54.95.140,80,6,11,1410,14,15828,40,128,998,288,40,1130,1500,626,1,0,5,1,4,0,5,1,9,9,9,9,0,0,0,0,0,11,1410,14,15828,1,1,0,0,452,572,0
192.168.3.131,56331,65.54.95.68,80,6,58,3001,123,178168,40,51,709,87,40,1448,1500,262,3,0,4,0,3,0,4,0,7,7,7,7,0,0,0,0,0,58,3001,123,178168,1,1,0,0,2332,4932,0
192.168.3.131,56313,65.54.95.75,80,6,6,962,5,379,40,160,750,288,40,75,207,73,1,2,7,2,4,2,7,3,11,11,11,11,0,0,0,0,0,6,962,5,379,1,1,0,0,252,212,0
192.168.3.131,56326,65.54.95.39,80,6,9,1422,10,6753,40,158,607,231,40,675,1500,716,1,1,4,1,4,0,4,1,8,8,8,8,0,0,0,0,0,9,1422,10,6753,2,2,0,0,372,412,0
192.168.3.131,56314,65.54.95.75,80,6,6,962,5,379,40,160,750,288,40,75,207,73,1,2,7,2,4,2,7,3,11,11,11,11,0,0,0,0,0,6,962,5,379,1,1,0,0,252,212,0
192.168.3.131,56332,65.54.95.75,80,6,9,2429,7,793,40,269,726,341,40,113,207,87,3,0,3,1,3,1,3,1,7,7,7,7,0,0,0,0,0,9,2429,7,793,3,3,0,0,372,292,0
192.168.3.131,56323,66.235.133.62,80,6,3,132,4,910,40,44,52,6,40,227,778,367,0,0,0,0,10,3,10,5,10,10,10,10,0,0,0,0,0,3,132,4,910,0,1,0,0,132,172,0
192.168.3.131,56317,66.235.139.121,80,6,3,132,8,2380,40,44,52,6,40,297,934,365,1,0,1,0,10,1,10,3,11,11,11,11,0,0,0,0,0,3,132,8,2380,0,3,0,0,132,332,0
192.168.3.131,56357,207.46.148.38,80,6,5,857,4,2583,40,171,685,287,40,645,1500,724,0,0,0,0,0,0,0,0,0,0,0,0,0,0,0,0,0,5,857,4,2583,1,1,0,0,212,168,0
192.168.3.131,56362,207.46.148.38,80,6,5,858,4,2033,40,171,686,287,40,508,1500,687,0,0,0,0,0,0,0,0,0,0,0,0,0,0,0,0,0,5,858,4,2033,1,1,0,0,212,168,0
172.16.255.1,10687,109.90.123.126,443,6,10,530,8,488,40,53,112,23,40,61,119,30,1,1,13,4,0,2,15,5,17,17,17,17,0,0,0,0,0,10,530,8,488,4,4,0,0,412,332,0
192.168.3.131,58544,208.82.236.129,80,6,7,918,11,9335,40,131,666,235,40,848,1500,749,0,3,20,8,0,2,20,6,20,20,20,20,0,0,0,0,0,7,918,11,9335,1,4,0,0,292,452,0
10.0.2.15,2551,70.37.129.34,80,6,9,1213,11,7521,40,134,885,281,40,683,1088,458,1,0,4,1,4,0,4,1,5,5,5,5,0,0,0,0,0,9,1213,11,7521,1,8,0,0,368,444,2
10.0.2.15,2529,207.46.96.145,80,6,29,2071,48,36254,40,71,943,167,40,755,1088,322,2,1,29,5,29,0,29,4,32,32,32,32,0,0,0,0,0,29,2071,48,36254,1,45,0,0,1168,1924,2
172.16.255.1,10684,109.229.25.126,443,6,10,559,8,478,40,55,112,27,40,59,119,29,0,2,21,6,0,3,21,7,23,23,23,23,0,0,0,0,0,10,559,8,478,4,4,0,0,412,332,0
192.168.3.131,56359,65.54.95.140,80,6,8,2254,9,7747,40,281,1002,443,40,860,1500,684,2,0,4,1,2,0,4,1,6,6,6,6,0,0,0,0,0,8,2254,9,7747,2,2,0,0,332,372,0
192.168.3.131,56360,65.54.95.140,80,6,7,1254,6,3760,40,179,1002,362,40,626,1500,713,2,1,4,1,2,1,4,1,6,6,6,6,0,0,0,0,0,7,1254,6,3760,1,1,0,0,292,252,0
192.168.3.131,56358,65.54.95.140,80,6,6,1196,4,1114,40,199,984,384,40,278,982,469,2,1,4,1,2,2,4,2,6,6,6,6,0,0,0,0,0,6,1196,4,1114,1,1,0,0,252,172,0
192.168.3.131,56368,65.54.95.68,80,6,58,3001,124,178208,40,51,709,87,40,1437,1500,290,1,0,3,0,1,0,3,0,4,4,4,4,0,0,0,0,0,58,3001,124,178208,1,2,0,0,2332,4972,0
192.168.3.131,56363,65.54.95.39,80,6,7,909,9,6543,40,129,657,232,40,727,1500,740,1,0,4,1,1,0,4,1,5,5,5,5,0,0,0,0,0,7,909,9,6543,1,1,0,0,292,372,0
192.168.3.131,56351,65.54.95.68,80,6,6,962,5,380,40,160,750,288,40,76,208,73,3,1,5,2,3,2,5,2,8,8,8,8,0,0,0,0,0,6,962,5,380,1,1,0,0,252,212,0
192.168.3.131,56327,76.74.140.168,80,6,6,863,5,727,40,143,651,248,40,145,555,229,8,3,10,4,8,4,10,5,18,18,18,18,0,0,0,0,0,6,863,5,727,1,1,0,0,252,212,0
192.168.3.131,56361,66.235.133.62,80,6,3,132,4,910,40,44,52,6,40,227,778,367,1,0,1,0,11,3,11,6,11,11,11,11,0,0,0,0,0,3,132,4,910,0,1,0,0,132,172,0
192.168.3.131,56356,66.235.139.121,80,6,3,132,8,2379,40,44,52,6,40,297,933,365,1,0,1,0,12,1,12,4,12,12,12,12,0,0,0,0,0,3,132,8,2379,0,3,0,0,132,332,0
192.168.3.131,58608,208.82.236.129,80,6,5,809,5,2628,40,161,637,265,40,525,1500,683,0,0,1,0,0,0,0,0,1,1,1,1,0,0,0,0,0,5,809,5,2628,1,2,0,0,212,212,0
10.0.2.15,2542,207.46.113.78,443,6,13,3133,12,5972,40,241,1500,412,40,497,1365,559,4,3,32,9,32,3,32,9,37,37,37,37,0,0,0,0,0,13,3133,12,5972,4,6,0,0,528,484,0
192.168.3.131,56386,65.54.95.68,80,6,6,962,5,380,40,160,750,288,40,76,208,73,2,1,3,1,2,1,3,1,5,5,5,5,0,0,0,0,0,6,962,5,380,1,1,0,0,252,212,0
192.168.3.131,56369,65.54.95.75,80,6,9,2429,7,793,40,269,726,341,40,113,207,87,3,1,10,3,3,2,10,3,14,14,14,14,0,0,0,0,0,9,2429,7,793,3,3,0,0,372,292,0
10.0.2.15,2544,207.46.113.78,443,6,13,3170,16,7915,40,243,1500,412,40,494,1365,465,3,3,37,10,37,2,37,9,41,41,41,41,0,0,0,0,0,13,3170,16,7915,4,10,0,0,528,644,0
192.168.3.131,56420,207.46.148.38,80,6,5,799,3,1009,40,159,627,261,40,336,921,506,0,0,0,0,0,0,0,0,0,0,0,0,0,0,0,0,0,5,799,3,1009,1,1,0,0,212,128,0
192.168.3.131,56407,65.54.95.75,80,6,6,1276,5,379,40,212,1064,417,40,75,207,73,1,0,3,1,1,1,3,1,4,4,4,4,0,0,0,0,0,6,1276,5,379,1,1,0,0,252,212,0
192.168.3.131,56408,65.54.95.75,80,6,6,1276,5,379,40,212,1064,417,40,75,207,73,1,0,3,1,1,1,3,1,4,4,4,4,0,0,0,0,0,6,1276,5,379,1,1,0,0,252,212,0
172.16.255.1,10637,204.9.163.184,443,6,10,1009,11,1071,40,100,615,180,40,97,596,165,0,6,59,19,0,6,59,18,61,61,61,61,0,0,0,0,0,10,1009,11,1071,3,6,0,0,424,452,0
10.0.2.15,2552,70.37.129.32,80,6,10,1232,12,8291,40,123,864,260,40,690,1088,454,4,2,16,5,4,0,4,1,21,21,21,21,0,0,0,0,0,10,1232,12,8291,1,9,0,0,408,484,2
10.0.2.15,2553,70.37.129.34,80,6,9,1243,11,7227,40,138,915,291,40,657,1500,532,2,0,4,1,4,0,4,1,7,7,7,7,0,0,0,0,0,9,1243,11,7227,1,7,0,0,368,444,2
192.168.3.131,56401,66.235.139.121,80,6,5,1611,5,1619,40,322,1439,624,40,323,870,393,1,1,3,1,5,3,8,3,13,13,13,13,0,0,0,0,0,5,1611,5,1619,1,2,0,0,212,212,0
192.168.3.131,56435,65.54.95.75,80,6,29,7247,44,50650,40,249,909,377,40,1151,1500,566,1,0,4,0,1,0,4,0,9,9,9,9,0,0,0,0,0,29,7247,44,50650,7,18,0,0,1172,1772,0
192.168.3.131,56436,65.54.95.75,80,6,29,9848,38,45296,40,339,908,419,40,1192,1500,526,3,0,4,0,3,0,4,0,9,9,9,9,0,0,0,0,0,29,9848,38,45296,10,10,0,0,1172,1532,0
10.0.2.15,2554,70.37.129.34,80,6,9,1142,10,6787,40,126,814,257,40,678,1500,656,4,1,4,1,4,0,4,1,9,9,9,9,0,0,0,0,0,9,1142,10,6787,1,4,0,0,368,404,2
10.0.2.15,2528,65.54.189.173,1863,6,43,6739,63,17315,40,156,1500,323,40,274,801,233,0,1,22,4,0,1,23,4,64,64,64,64,0,0,0,0,0,43,6739,63,17315,10,50,0,0,1728,2524,0
10.0.2.15,2550,64.4.35.57,1863,6,16,1432,18,1203,40,89,209,59,40,66,193,49,0,2,20,5,0,2,20,5,44,44,44,44,0,0,0,0,0,16,1432,18,1203,9,6,0,0,648,724,0
192.168.3.131,56048,66.220.149.32,80,6,23,6628,34,27466,40,288,1186,480,40,807,1500,638,0,6,66,15,0,4,66,13,151,151,151,151,0,0,0,0,0,23,6628,34,27466,5,26,0,0,932,1372,0
192.168.3.131,56423,65.54.95.149,80,6,16,1061,25,31900,40,66,449,102,40,1276,1500,525,4,0,10,2,4,0,10,2,14,14,14,14,0,0,0,0,0,16,1061,25,31900,1,1,0,0,652,1012,0
192.168.3.131,56419,65.54.95.140,80,6,17,5573,21,22418,40,327,854,400,40,1067,1500,602,4,0,10,2,4,0,10,2,14,14,14,14,0,0,0,0,0,17,5573,21,22418,6,6,0,0,692,852,0
192.168.3.131,56415,65.54.95.140,80,6,34,7063,49,64455,40,207,854,333,40,1315,1500,434,4,0,10,1,4,0,10,1,15,15,15,15,0,0,0,0,0,34,7063,49,64455,7,7,0,0,1372,1972,0
192.168.3.131,56417,65.54.95.140,80,6,26,6742,41,51328,40,259,854,367,40,1251,1500,489,4,0,10,2,4,0,10,1,14,14,14,14,0,0,0,0,0,26,6742,41,51328,7,7,0,0,1052,1652,0
192.168.3.131,56414,65.54.95.140,80,6,27,6785,40,50139,40,251,854,362,40,1253,1500,482,4,0,10,2,4,0,10,1,15,15,15,15,0,0,0,0,0,27,6785,40,50139,7,7,0,0,1092,1612,0
192.168.3.131,56416,65.54.95.140,80,6,31,6944,48,61357,40,224,854,345,40,1278,1500,475,4,0,10,1,4,0,10,1,14,14,14,14,0,0,0,0,0,31,6944,48,61357,7,7,0,0,1252,1932,0
192.168.3.131,56418,65.54.95.140,80,6,26,6739,34,42972,40,259,853,367,40,1263,1500,483,4,0,10,2,4,0,10,1,14,14,14,14,0,0,0,0,0,26,6739,34,42972,7,7,0,0,1052,1372,0
192.168.3.131,56422,65.54.95.140,80,6,6,1118,4,694,40,186,906,352,40,173,562,259,4,2,10,4,4,4,10,5,14,14,14,14,0,0,0,0,0,6,1118,4,694,1,1,0,0,252,172,0
192.168.3.131,56457,65.54.95.68,80,6,19,1726,32,39658,40,90,994,218,40,1239,1500,554,1,0,3,0,1,0,3,0,4,4,4,4,0,0,0,0,0,19,1726,32,39658,1,3,0,0,772,1292,0
192.168.3.131,56433,65.54.95.68,80,6,17,1646,30,37751,40,96,994,231,40,1258,1500,529,4,0,8,2,4,0,8,1,13,13,13,13,0,0,0,0,0,17,1646,30,37751,1,4,0,0,692,1212,0
192.168.3.131,56434,65.54.95.68,80,6,61,3353,136,197059,40,54,941,115,40,1448,1500,263,4,0,9,1,4,0,9,0,13,13,13,13,0,0,0,0,0,61,3353,136,197059,1,2,0,0,2452,5452,0
192.168.3.131,56428,65.54.95.68,80,6,16,1606,30,38844,40,100,994,238,40,1294,1500,502,3,0,10,2,3,0,10,1,13,13,13,13,0,0,0,0,0,16,1606,30,38844,1,1,0,0,652,1212,0
192.168.3.131,56427,65.54.95.75,80,6,44,2686,90,127300,40,61,954,137,40,1414,1500,314,3,0,10,1,3,0,10,1,13,13,13,13,0,0,0,0,0,44,2686,90,127300,1,19,0,0,1772,3612,0
192.168.3.131,56406,65.54.95.68,80,6,10,3220,10,6609,40,322,1064,452,40,660,1500,703,3,1,10,3,3,1,10,3,16,16,16,16,0,0,0,0,0,10,3220,10,6609,3,3,0,0,412,412,0
192.168.3.131,56429,65.54.95.68,80,6,21,6083,28,30124,40,289,932,403,40,1075,1500,632,3,0,8,1,3,0,8,1,13,13,13,13,0,0,0,0,0,21,6083,28,30124,6,6,0,0,852,1132,0
192.168.3.131,56454,65.54.95.75,80,6,7,1184,8,5092,40,169,932,336,40,636,1500,726,1,0,3,1,1,0,3,1,4,4,4,4,0,0,0,0,0,7,1184,8,5092,1,1,0,0,292,332,0
192.168.3.131,56438,65.54.95.75,80,6,18,5936,20,20377,40,329,908,420,40,1018,1500,606,4,0,7,1,4,0,7,1,12,12,12,12,0,0,0,0,0,18,5936,20,20377,6,6,0,0,732,812,0
192.168.3.131,56455,65.54.95.75,80,6,7,1184,7,3783,40,169,932,336,40,540,1500,687,1,0,3,1,1,0,3,1,4,4,4,4,0,0,0,0,0,7,1184,7,3783,1,1,0,0,292,292,0
192.168.3.131,56456,65.54.95.75,80,6,7,1184,8,5043,40,169,932,336,40,630,1500,728,1,0,3,1,1,0,3,1,4,4,4,4,0,0,0,0,0,7,1184,8,5043,1,1,0,0,292,332,0
172.16.255.1,10667,194.192.199.252,443,6,22,1721,36,41513,40,78,441,117,40,1153,1500,608,0,2,59,12,1,1,59,9,63,63,63,63,0,0,0,0,0,22,1721,36,41513,5,6,0,0,904,1452,0
172.16.255.1,10683,109.173.29.34,443,6,9,485,7,425,40,53,112,23,40,60,119,28,0,7,56,19,0,9,57,23,58,58,58,58,0,0,0,0,0,9,485,7,425,4,3,0,0,372,292,0
192.168.3.131,58666,208.82.236.129,80,6,5,809,5,2788,40,161,637,265,40,557,1500,713,0,0,0,0,0,0,0,0,0,0,0,0,0,0,0,0,0,5,809,5,2788,1,2,0,0,212,212,0
172.16.255.1,10682,109.227.83.224,443,6,9,527,7,440,40,58,112,30,40,62,119,30,0,7,56,19,0,9,56,22,58,58,58,58,0,0,0,0,0,9,527,7,440,4,3,0,0,372,292,0
192.168.3.131,58609,208.82.236.130,80,6,9,815,11,12474,40,90,483,147,40,1134,1500,632,0,3,27,9,0,2,27,8,28,28,28,28,0,0,0,0,0,9,815,11,12474,1,4,0,0,372,452,0
192.168.3.131,58668,208.82.236.130,80,6,7,735,10,9655,40,105,483,166,40,965,1500,703,0,0,0,0,0,0,0,0,0,0,0,0,0,0,0,0,0,7,735,10,9655,1,4,0,0,292,412,0
10.0.2.15,2539,198.104.200.146,80,6,5,611,3,314,40,122,443,179,40,104,230,108,70,17,70,34,0,0,0,0,71,71,71,71,0,0,0,0,0,5,611,3,314,1,1,0,0,208,124,2
10.0.2.15,2536,65.55.15.244,80,6,13,5509,17,7658,40,423,877,430,40,450,1112,397,59,5,59,17,0,0,11,2,71,71,71,71,0,0,0,0,0,13,5509,17,7658,6,10,0,0,528,684,2
10.0.2.15,2537,65.55.15.244,80,6,11,5486,13,6261,40,498,933,438,40,481,1393,511,66,7,66,20,0,0,4,1,71,71,71,71,0,0,0,0,0,11,5486,13,6261,6,6,0,0,448,524,2
10.0.2.15,2540,207.46.105.186,80,6,6,645,4,255,40,107,437,161,40,63,131,44,5,14,65,28,65,21,65,37,70,70,70,70,0,0,0,0,0,6,645,4,255,1,1,0,0,248,164,2
10.0.2.15,2547,96.17.8.49,80,6,9,863,12,8672,40,95,535,164,40,722,1500,495,64,8,64,22,0,0,0,0,64,64,64,64,0,0,0,0,0,9,863,12,8672,1,9,0,0,368,484,2
10.0.2.15,2546,91.103.140.2,80,6,5,732,3,393,40,146,564,233,40,131,309,154,64,16,64,31,0,0,0,0,65,65,65,65,0,0,0,0,0,5,732,3,393,1,1,0,0,208,124,2
10.0.2.15,2548,65.54.167.27,80,6,30,3109,52,44562,40,103,1371,260,40,856,1500,425,62,2,62,11,0,0,0,0,62,62,62,62,0,0,0,0,0,30,3109,52,44562,2,43,0,0,1208,2084,2
192.168.3.131,56476,65.54.95.68,80,6,16,1607,28,35505,40,100,995,238,40,1268,1500,516,1,0,4,1,1,0,4,0,5,5,5,5,0,0,0,0,0,16,1607,28,35505,1,5,0,0,652,1132,0
192.168.3.131,56477,65.54.95.75,80,6,7,1184,7,3372,40,169,932,336,40,481,1500,697,2,0,3,1,2,0,3,1,5,5,5,5,0,0,0,0,0,7,1184,7,3372,1,1,0,0,292,292,0
192.168.3.131,56479,65.54.95.75,80,6,7,1184,8,5610,40,169,932,336,40,701,1500,727,2,0,3,1,2,0,3,1,5,5,5,5,0,0,0,0,0,7,1184,8,5610,1,1,0,0,292,332,0
192.168.3.131,56478,65.54.95.75,80,6,7,1184,7,3311,40,169,932,336,40,473,1500,702,2,0,3,1,2,0,3,1,5,5,5,5,0,0,0,0,0,7,1184,7,3311,1,1,0,0,292,292,0
192.168.3.131,56495,207.46.148.38,80,6,5,844,4,2657,40,168,672,281,40,664,1500,737,0,0,0,0,0,0,0,0,0,0,0,0,0,0,0,0,0,5,844,4,2657,1,1,0,0,212,168,0
192.168.3.131,56328,76.74.140.168,80,6,6,910,5,248,40,151,662,250,40,49,52,5,3,12,38,15,3,15,38,15,60,60,60,60,0,0,0,0,0,6,910,5,248,1,0,0,0,288,248,0
192.168.3.131,56506,207.46.148.38,80,6,5,831,4,2639,40,166,659,275,40,659,1500,734,0,0,0,0,0,0,0,0,0,0,0,0,0,0,0,0,0,5,831,4,2639,1,1,0,0,212,168,0
172.16.255.1,10697,109.173.29.34,443,6,9,523,7,416,40,58,112,29,40,59,119,28,0,1,11,3,0,2,12,4,13,13,13,13,0,0,0,0,0,9,523,7,416,4,3,0,0,372,292,0
172.16.255.1,10696,109.227.83.224,443,6,9,511,7,461,40,56,112,26,40,65,119,34,0,1,11,3,0,2,11,4,13,13,13,13,0,0,0,0,0,9,511,7,461,4,3,0,0,372,292,0
172.16.255.1,10655,128.241.90.211,80,6,15,1504,19,23415,40,100,521,152,40,1232,1500,542,61,6,61,18,35,1,35,8,96,96,96,96,0,0,0,0,0,15,1504,19,23415,2,2,0,0,636,772,0
172.16.255.1,10653,128.241.90.211,80,6,18,1611,26,34374,40,89,521,140,40,1322,1500,456,61,5,61,16,34,1,34,6,96,96,96,96,0,0,0,0,0,18,1611,26,34374,2,2,0,0,744,1052,0
172.16.255.1,10654,128.241.90.211,80,6,18,1610,27,35582,40,89,522,140,40,1317,1500,459,61,5,61,16,34,1,34,6,96,96,96,96,0,0,0,0,0,18,1610,27,35582,2,2,0,0,744,1092,0
172.16.255.1,10648,66.235.143.184,443,6,15,6292,9,5856,40,419,1414,600,52,650,1500,544,1,6,60,17,0,4,34,11,96,96,96,96,0,0,0,0,0,15,6292,9,5856,6,6,0,0,624,372,0
172.16.255.1,10691,184.85.226.161,443,6,8,2720,6,919,40,340,1133,487,40,153,301,126,61,8,61,23,0,0,0,0,61,61,61,61,0,0,0,0,0,8,2720,6,919,4,3,0,0,332,252,0
172.16.255.1,10652,184.85.226.161,443,6,25,12805,24,18996,40,512,1149,526,40,791,1500,621,61,4,61,13,0,1,34,7,96,96,96,96,0,0,0,0,0,25,12805,24,18996,13,12,0,0,1012,972,0
172.16.255.1,10651,184.85.226.161,443,6,23,12709,21,14588,40,552,1133,529,40,694,1500,596,61,4,61,14,0,1,35,7,96,96,96,96,0,0,0,0,0,23,12709,21,14588,13,12,0,0,932,852,0
172.16.255.1,10646,184.85.226.161,443,6,51,21203,70,82794,40,415,1165,501,40,1182,1500,513,61,1,61,9,0,0,35,4,97,97,97,97,0,0,0,0,0,51,21203,70,82794,20,20,0,0,2052,2812,0
172.16.255.1,10647,184.85.226.161,443,6,45,17701,58,67079,40,393,1149,495,40,1156,1500,528,61,2,61,10,0,0,35,4,97,97,97,97,0,0,0,0,0,45,17701,58,67079,17,17,0,0,1824,2332,0
172.16.255.1,10650,184.85.226.161,443,6,27,13994,27,24033,40,518,1149,529,40,890,1500,599,61,3,61,13,0,1,34,6,96,96,96,96,0,0,0,0,0,27,13994,27,24033,14,13,0,0,1092,1092,0
192.168.3.131,58667,208.82.236.129,80,6,5,843,6,3381,40,168,671,280,40,563,1500,729,0,7,31,15,0,6,31,13,31,31,31,31,0,0,0,0,0,5,843,6,3381,1,3,0,0,212,252,0
192.168.3.131,58737,208.82.236.129,80,6,5,842,6,3435,40,168,670,280,40,572,1500,725,0,0,1,0,0,0,0,0,1,1,1,1,0,0,0,0,0,5,842,6,3435,1,3,0,0,212,252,0
10.0.2.15,2527,64.4.9.254,61863,6,8,468,8,559,40,58,120,28,40,69,228,64,0,0,1,0,0,0,0,0,1,1,1,1,0,0,0,0,0,8,468,8,559,3,3,0,0,328,324,0
10.0.2.15,2526,65.54.186.19,5443,6,21,5506,33,21443,40,262,1500,470,40,649,1500,500,0,0,1,0,0,0,1,0,1,1,1,1,0,0,0,0,0,21,5506,33,21443,4,23,0,0,848,1324,0
192.168.3.131,58750,208.82.236.129,80,6,5,842,5,3015,40,168,670,280,40,603,1500,766,0,0,0,0,0,0,0,0,0,0,0,0,0,0,0,0,0,5,842,5,3015,1,2,0,0,212,212,0
192.168.3.131,58757,208.82.236.129,80,6,5,842,6,3230,40,168,670,280,40,538,1500,745,0,0,1,0,0,0,1,0,1,1,1,1,0,0,0,0,0,5,842,6,3230,1,3,0,0,212,252,0
10.0.2.15,2543,65.55.116.184,5480,6,5,982,5,860,40,196,814,345,40,172,696,292,0,0,0,0,0,0,0,0,0,0,0,0,0,0,0,0,0,5,982,5,860,1,1,0,0,208,204,2
192.168.3.131,58766,208.82.236.129,80,6,5,842,6,3294,40,168,670,280,40,549,1500,738,0,0,1,0,0,0,1,0,1,1,1,1,0,0,0,0,0,5,842,6,3294,1,3,0,0,212,252,0
10.0.2.15,2545,91.103.140.2,5480,6,7,1472,8,2552,40,210,679,289,40,319,1112,435,0,0,1,0,0,0,0,0,1,1,1,1,0,0,0,0,0,7,1472,8,2552,2,3,0,0,288,324,2
192.168.3.131,58777,208.82.236.129,80,6,5,842,7,3666,40,168,670,280,40,523,1500,686,0,0,0,0,0,0,0,0,0,0,0,0,0,0,0,0,0,5,842,7,3666,1,3,0,0,212,292,0
10.0.2.15,2549,65.55.116.184,5480,6,5,718,5,628,40,143,550,227,40,125,464,189,0,0,0,0,0,0,0,0,0,0,0,0,0,0,0,0,0,5,718,5,628,1,1,0,0,208,204,2
192.168.3.131,58786,208.82.236.129,80,6,5,808,6,3176,40,161,636,265,40,529,1500,751,0,0,0,0,0,0,0,0,0,0,0,0,0,0,0,0,0,5,808,6,3176,1,3,0,0,212,252,0
192.168.3.131,58787,208.82.236.130,80,6,6,695,9,8098,40,115,483,179,40,899,1500,723,0,0,0,0,0,0,0,0,0,0,0,0,0,0,0,0,0,6,695,9,8098,1,4,0,0,252,372,0
192.168.3.131,58788,208.82.236.129,80,6,5,808,5,2813,40,161,636,265,40,562,1500,719,0,0,1,0,0,0,1,0,1,1,1,1,0,0,0,0,0,5,808,5,2813,1,2,0,0,212,212,0
192.168.3.131,58793,208.82.236.130,80,6,6,695,9,7864,40,115,483,179,40,873,1500,744,0,0,0,0,1,0,1,0,1,1,1,1,0,0,0,0,0,6,695,9,7864,1,4,0,0,252,372,0
192.168.3.131,58794,208.82.236.130,80,6,7,735,9,9055,40,105,483,166,40,1006,1500,722,0,0,1,0,0,0,1,0,1,1,1,1,0,0,0,0,0,7,735,9,9055,1,4,0,0,292,372,0
192.168.3.131,58789,209.17.73.30,80,6,64,3005,144,208083,40,46,473,54,40,1445,1500,267,8,0,8,1,8,0,8,0,9,9,9,9,0,0,0,0,0,64,3005,144,208083,1,2,0,0,2572,5772,0
192.168.3.131,58790,209.17.73.30,80,6,63,2965,140,202952,40,47,473,54,40,1449,1500,259,8,0,8,1,8,0,8,0,9,9,9,9,0,0,0,0,0,63,2965,140,202952,1,2,0,0,2532,5612,0
10.0.2.15,2551,70.37.129.34,5480,6,9,1213,11,7521,40,134,885,281,40,683,1088,458,1,0,4,1,4,0,4,1,5,5,5,5,0,0,0,0,0,9,1213,11,7521,1,8,0,0,368,444,2
10.0.2.15,2529,207.46.96.145,5480,6,29,2071,48,36254,40,71,943,167,40,755,1088,322,2,1,29,5,29,0,29,4,32,32,32,32,0,0,0,0,0,29,2071,48,36254,1,45,0,0,1168,1924,2
192.168.3.131,58830,208.82.236.129,80,6,5,808,5,2636,40,161,636,265,40,527,1500,684,0,0,0,0,0,0,0,0,0,0,0,0,0,0,0,0,0,5,808,5,2636,1,2,0,0,212,212,0
192.168.3.131,58795,204.9.163.166,80,6,6,551,5,430,40,91,339,121,40,86,258,96,2,3,15,6,2,4,15,7,17,17,17,17,0,0,0,0,0,6,551,5,430,1,1,0,0,252,212,0
192.168.3.131,52202,72.14.213.102,443,6,45,3082,86,72334,40,68,222,43,40,841,1470,614,0,5,240,36,0,2,240,26,240,240,240,240,0,0,0,0,0,45,3082,86,72334,15,47,0,0,1812,3452,0
192.168.3.131,58547,204.9.163.166,80,6,12,791,4,390,40,65,339,86,40,97,258,107,1,12,113,33,2,0,2,1,134,134,134,134,0,0,0,0,0,12,791,4,390,1,1,0,0,492,172,0
10.0.2.15,2542,207.46.113.78,5443,6,13,3133,12,5972,40,241,1500,412,40,497,1365,559,4,3,32,9,32,3,32,9,37,37,37,37,0,0,0,0,0,13,3133,12,5972,4,6,0,0,528,484,0
10.0.2.15,2544,207.46.113.78,5443,6,13,3170,16,7915,40,243,1500,412,40,494,1365,465,3,3,37,10,37,2,37,9,41,41,41,41,0,0,0,0,0,13,3170,16,7915,4,10,0,0,528,644,0
10.0.2.15,2552,70.37.129.32,5480,6,10,1232,12,8291,40,123,864,260,40,690,1088,454,4,2,16,5,4,0,4,1,21,21,21,21,0,0,0,0,0,10,1232,12,8291,1,9,0,0,408,484,2
10.0.2.15,2553,70.37.129.34,5480,6,9,1243,11,7227,40,138,915,291,40,657,1500,532,2,0,4,1,4,0,4,1,7,7,7,7,0,0,0,0,0,9,1243,11,7227,1,7,0,0,368,444,2
172.16.255.1,10688,213.146.189.205,443,6,13,1135,11,871,40,87,444,112,40,79,343,89,0,12,96,30,56,15,96,33,153,153,153,153,0,0,0,0,0,13,1135,11,871,6,8,0,0,532,452,0
172.16.255.1,10622,147.31.122.1,443,6,88,5548,86,23656,40,63,354,65,40,275,1500,473,0,2,60,8,0,2,60,8,186,186,186,186,0,0,0,0,0,88,5548,86,23656,49,55,0,0,3532,3452,0
172.16.255.1,10714,204.9.163.158,80,6,5,277,5,493,40,55,105,28,40,98,321,124,0,0,0,0,0,0,0,0,0,0,0,0,0,0,0,0,0,5,277,5,493,1,1,0,0,212,212,0
10.0.2.15,2554,70.37.129.34,5480,6,9,1142,10,6787,40,126,814,257,40,678,1500,656,4,1,4,1,4,0,4,1,9,9,9,9,0,0,0,0,0,9,1142,10,6787,1,4,0,0,368,404,2
10.0.2.15,2528,65.54.189.173,61863,6,43,6739,63,17315,40,156,1500,323,40,274,801,233,0,1,22,4,0,1,23,4,64,64,64,64,0,0,0,0,0,43,6739,63,17315,10,50,0,0,1728,2524,0
10.0.2.15,2550,64.4.35.57,61863,6,16,1432,18,1203,40,89,209,59,40,66,193,49,0,2,20,5,0,2,20,5,44,44,44,44,0,0,0,0,0,16,1432,18,1203,9,6,0,0,648,724,0
10.0.2.15,2539,198.104.200.146,5480,6,5,611,3,314,40,122,443,179,40,104,230,108,70,17,70,34,0,0,0,0,71,71,71,71,0,0,0,0,0,5,611,3,314,1,1,0,0,208,124,2
10.0.2.15,2536,65.55.15.244,5480,6,13,5509,17,7658,40,423,877,430,40,450,1112,397,59,5,59,17,0,0,11,2,71,71,71,71,0,0,0,0,0,13,5509,17,7658,6,10,0,0,528,684,2
10.0.2.15,2537,65.55.15.244,5480,6,11,5486,13,6261,40,498,933,438,40,481,1393,511,66,7,66,20,0,0,4,1,71,71,71,71,0,0,0,0,0,11,5486,13,6261,6,6,0,0,448,524,2
10.0.2.15,2540,207.46.105.186,5480,6,6,645,4,255,40,107,437,161,40,63,131,44,5,14,65,28,65,21,65,37,70,70,70,70,0,0,0,0,0,6,645,4,255,1,1,0,0,248,164,2
10.0.2.15,2547,96.17.8.49,5480,6,9,863,12,8672,40,95,535,164,40,722,1500,495,64,8,64,22,0,0,0,0,64,64,64,64,0,0,0,0,0,9,863,12,8672,1,9,0,0,368,484,2
10.0.2.15,2546,91.103.140.2,5480,6,5,732,3,393,40,146,564,233,40,131,309,154,64,16,64,31,0,0,0,0,65,65,65,65,0,0,0,0,0,5,732,3,393,1,1,0,0,208,124,2
10.0.2.15,2548,65.54.167.27,5480,6,30,3109,52,44562,40,103,1371,260,40,856,1500,425,62,2,62,11,0,0,0,0,62,62,62,62,0,0,0,0,0,30,3109,52,44562,2,43,0,0,1208,2084,2
172.16.255.1,50983,134.2.48.153,8984,17,1,60,1,593,60,60,60,0,593,593,593,0,0,0,0,0,0,0,0,0,0,0,0,0,0,0,0,0,0,1,60,1,593,0,0,0,0,60,593,0
192.168.3.131,58769,72.14.213.138,80,6,4,276,5,942,40,69,144,50,40,188,770,325,1,0,1,0,0,0,0,0,1,1,1,1,0,0,0,0,0,4,276,5,942,1,1,0,0,172,212,0
172.16.255.1,50983,79.143.161.140,32575,17,2,505,2,500,60,252,445,272,45,250,455,289,6,6,6,0,7,7,7,0,7,7,7,7,0,0,0,0,0,2,505,2,500,0,0,0,0,505,500,0
172.16.255.1,50983,218.173.246.133,21363,17,1,60,1,591,60,60,60,0,591,591,591,0,0,0,0,0,0,0,0,0,0,0,0,0,0,0,0,0,0,1,60,1,591,0,0,0,0,60,591,0
172.16.255.1,50983,212.8.163.80,43400,17,1,140,1,46,140,140,140,0,46,46,46,0,0,0,0,0,0,0,0,0,0,0,0,0,0,0,0,0,0,1,140,1,46,0,0,0,0,140,46,0
192.168.3.131,57248,204.14.234.85,443,6,33,23253,59,54110,40,704,1500,664,40,917,1500,698,0,1,13,3,0,0,13,2,36,36,36,36,0,0,0,0,0,33,23253,59,54110,7,32,0,0,1344,2372,0
192.168.3.131,57249,204.14.234.85,8443,6,7,4374,12,9406,40,624,1500,686,40,783,1500,748,0,0,0,0,0,0,0,0,0,0,0,0,0,0,0,0,0,7,4374,12,9406,2,7,0,0,292,492,0
10.0.2.15,2538,207.46.125.254,7001,17,4,192,4,192,48,48,48,0,48,48,48,0,0,36,110,63,0,36,110,63,110,110,110,110,0,0,0,0,0,4,192,4,192,0,0,0,0,192,192,0
192.168.3.131,58673,192.168.3.1,53,17,2,150,2,1060,75,75,75,0,530,530,530,0,0,0,0,0,0,0,0,0,0,0,0,0,0,0,0,0,0,2,150,2,1060,0,0,0,0,150,1060,0
10.0.2.15,57524,10.0.2.3,53,17,2,148,2,766,74,74,74,0,383,383,383,0,110,110,110,0,110,110,110,0,110,110,110,110,0,0,0,0,0,2,148,2,766,0,0,0,0,148,766,0
192.168.3.131,57249,204.14.234.85,443,6,7,4374,12,9406,40,624,1500,686,40,783,1500,748,0,0,0,0,0,0,0,0,0,0,0,0,0,0,0,0,0,7,4374,12,9406,2,7,0,0,292,492,0
192.168.3.131,56509,65.54.95.75,80,6,46,2766,90,127300,40,60,954,134,40,1414,1500,322,1,0,3,0,4,0,4,0,4,4,4,4,0,0,0,0,0,46,2766,90,127300,1,7,0,0,1852,3612,0
10.0.2.15,61133,10.0.2.3,53,17,2,144,2,362,72,72,72,0,181,181,181,0,110,110,110,0,110,110,110,0,110,110,110,110,0,0,0,0,0,2,144,2,362,0,0,0,0,144,362,0
192.168.3.131,56499,76.74.140.168,80,6,5,1459,4,1234,40,291,665,339,40,308,571,303,1,0,1,0,0,0,0,0,1,1,1,1,0,0,0,0,0,5,1459,4,1234,2,2,0,0,212,172,0
172.16.255.1,50983,145.120.22.109,51491,17,2,129,2,373,60,64,69,6,47,186,326,197,3,3,3,0,3,3,3,0,3,3,3,3,0,0,0,0,0,2,129,2,373,0,0,0,0,129,373,0
10.0.2.15,64982,10.0.2.3,53,17,2,134,2,550,67,67,67,0,275,275,275,0,110,110,110,0,110,110,110,0,110,110,110,110,0,0,0,0,0,2,134,2,550,0,0,0,0,134,550,0
192.168.3.131,57248,204.14.234.85,8443,6,33,23253,59,54110,40,704,1500,664,40,917,1500,698,0,1,13,3,1,0,13,2,37,37,37,37,0,0,0,0,0,33,23253,59,54110,7,32,0,0,1344,2372,0
172.16.255.1,50983,84.197.9.59,44808,17,1,61,1,48,61,61,61,0,48,48,48,0,0,0,0,0,0,0,0,0,0,0,0,0,0,0,0,0,0,1,61,1,48,0,0,0,0,61,48,0
172.16.255.1,50983,95.68.58.110,17865,17,1,445,1,45,445,445,445,0,45,45,45,0,0,0,0,0,0,0,0,0,0,0,0,0,0,0,0,0,0,1,445,1,45,0,0,0,0,445,45,0
192.168.3.131,56502,65.54.95.140,80,6,10,2985,12,11616,40,298,899,413,40,968,1500,668,1,0,3,1,4,0,4,1,4,4,4,4,0,0,0,0,0,10,2985,12,11616,3,3,0,0,412,492,0
172.16.255.1,50983,67.170.187.174,38922,17,1,62,1,46,62,62,62,0,46,46,46,0,0,0,0,0,0,0,0,0,0,0,0,0,0,0,0,0,0,1,62,1,46,0,0,0,0,62,46,0
172.16.255.1,50983,67.84.192.140,443,17,1,46,1,54,46,46,46,0,54,54,54,0,0,0,0,0,0,0,0,0,0,0,0,0,0,0,0,0,0,1,46,1,54,0,0,0,0,46,54,0
172.16.255.1,50983,188.231.175.85,21827,17,1,50,1,237,50,50,50,0,237,237,237,0,0,0,0,0,0,0,0,0,0,0,0,0,0,0,0,0,0,1,50,1,237,0,0,0,0,50,237,0
172.16.255.1,50983,2.120.66.172,23852,17,1,46,1,54,46,46,46,0,54,54,54,0,0,0,0,0,0,0,0,0,1,1,1,1,0,0,0,0,0,1,46,1,54,0,0,0,0,46,54,0
172.16.255.1,50983,71.224.25.112,33695,17,2,129,2,118,62,64,67,3,39,59,79,28,0,0,0,0,0,0,0,0,0,0,0,0,0,0,0,0,0,2,129,2,118,0,0,0,0,129,118,0
192.168.3.131,56058,206.108.207.138,80,6,78,7547,163,233112,40,96,797,197,40,1430,1500,271,1,2,78,11,0,1,78,7,165,165,165,165,0,0,0,0,0,78,7547,163,233112,6,10,0,0,3132,6532,0
172.16.255.1,50983,124.144.10.123,50583,17,1,445,1,45,445,445,445,0,45,45,45,0,0,0,0,0,0,0,0,0,0,0,0,0,0,0,0,0,0,1,445,1,45,0,0,0,0,445,45,0
10.0.2.15,54795,10.0.2.3,53,17,2,114,2,426,57,57,57,0,213,213,213,0,110,110,110,0,110,110,110,0,110,110,110,110,0,0,0,0,0,2,114,2,426,0,0,0,0,114,426,0
172.16.255.1,50983,194.171.12.150,44386,17,3,566,3,951,59,188,445,221,45,317,455,235,1,4,8,4,1,4,8,4,9,9,9,9,0,0,0,0,0,3,566,3,951,0,0,0,0,566,951,0
172.16.255.1,50983,111.250.201.8,62599,17,1,60,1,484,60,60,60,0,484,484,484,0,0,0,0,0,0,0,0,0,1,1,1,1,0,0,0,0,0,1,60,1,484,0,0,0,0,60,484,0
192.168.3.131,58831,204.9.163.166,80,6,5,511,4,390,40,102,339,132,40,97,258,107,1,0,1,0,2,0,2,1,2,2,2,2,0,0,0,0,0,5,511,4,390,1,1,0,0,212,172,0
10.0.2.15,50559,10.0.2.3,53,17,2,120,2,534,60,60,60,0,267,267,267,0,110,110,110,0,110,110,110,0,110,110,110,110,0,0,0,0,0,2,120,2,534,0,0,0,0,120,534,0
192.168.3.131,57246,204.14.234.85,8443,6,48,33421,59,44404,40,696,1500,662,40,752,1500,691,0,0,14,2,0,0,14,2,45,45,45,45,0,0,0,0,0,48,33421,59,44404,10,30,0,0,1980,2372,0
192.168.3.131,57243,204.14.234.85,443,6,103,63515,148,140547,40,616,1500,656,40,949,1500,678,0,0,15,2,0,0,15,2,75,75,75,75,0,0,0,0,0,103,63515,148,140547,18,82,0,0,4216,5932,0
192.168.3.131,60629,192.168.3.1,53,17,2,128,2,1056,64,64,64,0,528,528,528,0,0,0,0,0,0,0,0,0,0,0,0,0,0,0,0,0,0,2,128,2,1056,0,0,0,0,128,1056,0
192.168.3.131,56023,184.24.143.139,80,6,4,669,3,395,40,167,537,246,40,131,303,148,0,0,0,0,0,0,0,0,0,0,0,0,0,0,0,0,0,4,669,3,395,1,1,0,0,172,132,0
172.16.255.1,50983,208.88.186.244,13392,17,2,203,2,78,96,101,107,7,39,39,39,0,177,177,177,0,177,177,177,0,177,177,177,177,0,0,0,0,0,2,203,2,78,0,0,0,0,203,78,0
172.16.255.1,50983,75.76.39.18,35877,17,1,60,1,79,60,60,60,0,79,79,79,0,0,0,0,0,0,0,0,0,0,0,0,0,0,0,0,0,0,1,60,1,79,0,0,0,0,60,79,0
10.0.2.15,58511,10.0.2.3,53,17,2,140,2,690,70,70,70,0,345,345,345,0,110,110,110,0,110,110,110,0,111,111,111,111,0,0,0,0,0,2,140,2,690,0,0,0,0,140,690,0
192.168.3.131,52152,72.14.213.147,443,6,90,8311,216,109886,40,92,616,98,40,508,1470,606,0,2,92,10,0,1,92,7,245,245,245,245,0,0,0,0,0,90,8311,216,109886,26,86,0,0,3612,8664,0
172.16.255.1,50983,65.35.35.4,34467,17,2,506,2,91,61,253,445,271,45,45,46,0,7,7,7,0,7,7,7,0,7,7,7,7,0,0,0,0,0,2,506,2,91,0,0,0,0,506,91,0
172.16.255.1,50983,209.105.148.72,56138,17,1,445,1,45,445,445,445,0,45,45,45,0,0,0,0,0,0,0,0,0,0,0,0,0,0,0,0,0,0,1,445,1,45,0,0,0,0,445,45,0
172.16.255.1,50983,218.166.122.86,22511,17,2,504,2,91,59,252,445,272,45,45,46,0,6,6,6,0,6,6,6,0,6,6,6,6,0,0,0,0,0,2,504,2,91,0,0,0,0,504,91,0
192.168.3.131,57245,204.14.234.85,8443,6,47,30151,73,71575,40,641,1500,660,40,980,1500,675,0,0,11,2,1,0,11,2,46,46,46,46,0,0,0,0,0,47,30151,73,71575,9,51,0,0,1892,2932,0
10.0.2.15,61870,10.0.2.3,53,17,2,126,2,662,63,63,63,0,331,331,331,0,110,110,110,0,110,110,110,0,110,110,110,110,0,0,0,0,0,2,126,2,662,0,0,0,0,126,662,0
172.16.255.1,50983,82.226.125.157,45834,17,1,60,1,46,60,60,60,0,46,46,46,0,0,0,0,0,0,0,0,0,1,1,1,1,0,0,0,0,0,1,60,1,46,0,0,0,0,60,46,0
192.168.3.131,55961,184.24.133.32,80,6,4,876,3,654,40,219,744,350,40,218,562,297,0,0,0,0,0,0,0,0,0,0,0,0,0,0,0,0,0,4,876,3,654,1,1,0,0,172,132,0
192.168.3.131,55971,65.55.17.37,80,6,5,1427,3,1405,40,285,703,332,44,468,895,425,0,0,0,0,0,0,0,0,0,0,0,0,0,0,0,0,0,5,1427,3,1405,2,2,0,0,212,124,0
172.16.255.1,50983,67.82.196.121,10662,17,1,50,1,235,50,50,50,0,235,235,235,0,0,0,0,0,0,0,0,0,0,0,0,0,0,0,0,0,0,1,50,1,235,0,0,0,0,50,235,0
192.168.3.131,52399,72.14.213.132,443,6,10,1533,14,7922,40,153,819,246,40,565,1470,605,0,0,3,1,0,0,3,0,5,5,5,5,0,0,0,0,0,10,1533,14,7922,3,8,0,0,412,572,0
172.16.255.1,50983,114.46.199.16,59468,17,2,109,2,182,49,54,60,7,46,91,136,63,2,2,2,0,2,2,2,0,3,3,3,3,0,0,0,0,0,2,109,2,182,0,0,0,0,109,182,0
172.16.255.1,50983,70.67.177.253,52967,17,2,247,2,386,69,123,178,77,48,193,338,205,3,3,3,0,3,3,3,0,3,3,3,3,0,0,0,0,0,2,247,2,386,0,0,0,0,247,386,0
192.168.3.131,56424,72.14.213.148,80,6,13,1064,24,31499,40,81,572,147,40,1312,1470,433,0,0,0,0,0,0,0,0,0,0,0,0,0,0,0,0,0,13,1064,24,31499,1,1,0,0,532,972,0
172.16.255.1,50983,24.193.140.50,9911,17,1,68,1,47,68,68,68,0,47,47,47,0,0,0,0,0,0,0,0,0,0,0,0,0,0,0,0,0,0,1,68,1,47,0,0,0,0,68,47,0
192.168.3.131,57247,204.14.234.85,443,6,36,23394,44,35732,40,649,1500,661,40,812,1500,688,0,1,17,3,0,0,16,2,36,36,36,36,0,0,0,0,0,36,23394,44,35732,7,14,0,0,1488,1772,0
192.168.3.131,58770,72.14.213.138,80,6,9,4507,12,13087,40,500,1423,688,40,1090,1470,593,1,0,1,0,0,0,0,0,1,1,1,1,0,0,0,0,0,9,4507,12,13087,3,3,0,0,372,492,0
172.16.255.1,50983,212.50.66.122,52091,17,1,60,1,48,60,60,60,0,48,48,48,0,0,0,0,0,0,0,0,0,1,1,1,1,0,0,0,0,0,1,60,1,48,0,0,0,0,60,48,0
192.168.3.131,56411,65.55.206.199,80,6,26,4807,42,58154,40,184,1014,345,40,1384,1500,340,0,1,25,4,0,0,25,3,28,28,28,28,0,0,0,0,0,26,4807,42,58154,4,6,0,0,1052,1684,0
172.16.255.1,50983,95.139.1.252,13208,17,2,111,2,182,49,55,62,9,46,91,136,63,1,1,1,0,0,0,0,0,1,1,1,1,0,0,0,0,0,2,111,2,182,0,0,0,0,111,182,0
192.168.3.131,57250,66.235.136.89,8443,6,8,5544,5,932,40,693,1500,698,40,186,638,257,0,0,0,0,0,0,0,0,0,0,0,0,0,0,0,0,0,8,5544,5,932,3,2,0,0,332,212,0
172.16.255.1,50983,24.78.140.118,24884,17,2,131,2,168,62,65,69,4,46,84,122,53,7,7,7,0,7,7,7,0,7,7,7,7,0,0,0,0,0,2,131,2,168,0,0,0,0,131,168,0
172.16.255.1,50983,188.163.1.229,50709,17,1,46,1,54,46,46,46,0,54,54,54,0,0,0,0,0,0,0,0,0,0,0,0,0,0,0,0,0,0,1,46,1,54,0,0,0,0,46,54,0
172.16.255.1,50983,109.227.83.14,6536,17,1,69,1,335,69,69,69,0,335,335,335,0,0,0,0,0,0,0,0,0,1,1,1,1,0,0,0,0,0,1,69,1,335,0,0,0,0,69,335,0
172.16.255.1,50983,188.17.181.29,443,17,1,46,1,54,46,46,46,0,54,54,54,0,0,0,0,0,0,0,0,0,0,0,0,0,0,0,0,0,0,1,46,1,54,0,0,0,0,46,54,0
172.16.255.1,50983,74.75.251.207,39109,17,1,52,1,79,52,52,52,0,79,79,79,0,0,0,0,0,0,0,0,0,0,0,0,0,0,0,0,0,0,1,52,1,79,0,0,0,0,52,79,0
192.168.3.131,56504,65.54.95.140,80,6,9,2088,9,7576,40,232,898,377,40,841,1500,678,1,1,4,1,4,0,4,1,8,8,8,8,0,0,0,0,0,9,2088,9,7576,2,2,0,0,372,372,0
172.16.255.1,50983,188.2.252.64,43699,17,5,230,5,270,46,46,46,0,54,54,54,0,1,0,1,0,1,0,1,0,1,1,1,1,0,0,0,0,0,5,230,5,270,0,0,0,0,230,270,0
172.16.255.1,50983,190.164.247.173,29044,17,1,62,1,46,62,62,62,0,46,46,46,0,0,0,0,0,0,0,0,0,0,0,0,0,0,0,0,0,0,1,62,1,46,0,0,0,0,62,46,0
172.16.255.1,50983,178.144.253.171,43217,17,1,56,1,79,56,56,56,0,79,79,79,0,0,0,0,0,0,0,0,0,0,0,0,0,0,0,0,0,0,1,56,1,79,0,0,0,0,56,79,0
172.16.255.1,50983,182.166.37.160,60573,17,2,504,2,91,59,252,445,272,45,45,46,0,6,6,6,0,6,6,6,0,6,6,6,6,0,0,0,0,0,2,504,2,91,0,0,0,0,504,91,0
172.16.255.1,50983,95.86.252.198,6192,17,2,119,2,641,59,59,60,0,48,320,593,385,10,10,10,0,10,10,10,0,10,10,10,10,0,0,0,0,0,2,119,2,641,0,0,0,0,119,641,0
192.168.3.131,56511,65.54.95.68,80,6,56,3153,135,197019,40,56,941,120,40,1459,1500,234,3,0,3,0,3,0,3,0,3,3,3,3,0,0,0,0,0,56,3153,135,197019,1,2,0,0,2252,5412,0
172.16.255.1,50983,69.126.180.28,443,17,1,46,1,54,46,46,46,0,54,54,54,0,0,0,0,0,0,0,0,0,0,0,0,0,0,0,0,0,0,1,46,1,54,0,0,0,0,46,54,0
192.168.3.131,57250,66.235.136.89,443,6,8,5544,5,932,40,693,1500,698,40,186,638,257,0,0,0,0,0,0,0,0,0,0,0,0,0,0,0,0,0,8,5544,5,932,3,2,0,0,332,212,0
172.16.255.1,50983,97.103.179.155,2151,17,1,183,1,48,183,183,183,0,48,48,48,0,0,0,0,0,0,0,0,0,0,0,0,0,0,0,0,0,0,1,183,1,48,0,0,0,0,183,48,0
172.16.255.1,50983,70.80.140.19,64588,17,1,58,1,519,58,58,58,0,519,519,519,0,0,0,0,0,0,0,0,0,0,0,0,0,0,0,0,0,0,1,58,1,519,0,0,0,0,58,519,0
172.16.255.1,50983,93.181.202.185,30757,17,1,49,1,136,49,49,49,0,136,136,136,0,0,0,0,0,0,0,0,0,0,0,0,0,0,0,0,0,0,1,49,1,136,0,0,0,0,49,136,0
172.16.255.1,50983,24.192.137.36,45156,17,1,60,1,591,60,60,60,0,591,591,591,0,0,0,0,0,0,0,0,0,0,0,0,0,0,0,0,0,0,1,60,1,591,0,0,0,0,60,591,0
172.16.255.1,50983,82.58.187.140,43187,17,1,62,1,46,62,62,62,0,46,46,46,0,0,0,0,0,0,0,0,0,0,0,0,0,0,0,0,0,0,1,62,1,46,0,0,0,0,62,46,0
172.16.255.1,50983,94.248.101.181,38685,17,1,62,1,48,62,62,62,0,48,48,48,0,0,0,0,0,0,0,0,0,0,0,0,0,0,0,0,0,0,1,62,1,48,0,0,0,0,62,48,0
172.16.255.1,50983,95.160.236.51,32683,17,2,120,1,47,60,60,60,0,47,47,47,0,2,2,2,0,0,0,0,0,2,2,2,2,0,0,0,0,0,2,120,1,47,0,0,0,0,120,47,0
172.16.255.1,50983,76.167.181.32,10848,17,1,58,1,519,58,58,58,0,519,519,519,0,0,0,0,0,0,0,0,0,0,0,0,0,0,0,0,0,0,1,58,1,519,0,0,0,0,58,519,0
172.16.255.1,50983,88.203.161.148,13899,17,1,68,1,47,68,68,68,0,47,47,47,0,0,0,0,0,0,0,0,0,0,0,0,0,0,0,0,0,0,1,68,1,47,0,0,0,0,68,47,0
172.16.255.1,50983,188.22.186.229,14487,17,1,46,1,54,46,46,46,0,54,54,54,0,0,0,0,0,0,0,0,0,0,0,0,0,0,0,0,0,0,1,46,1,54,0,0,0,0,46,54,0
172.16.255.1,50983,110.67.111.103,64228,17,1,60,1,46,60,60,60,0,46,46,46,0,0,0,0,0,0,0,0,0,0,0,0,0,0,0,0,0,0,1,60,1,46,0,0,0,0,60,46,0
172.16.255.1,50983,67.163.123.10,39466,17,1,63,1,79,63,63,63,0,79,79,79,0,0,0,0,0,0,0,0,0,0,0,0,0,0,0,0,0,0,1,63,1,79,0,0,0,0,63,79,0
172.16.255.1,50983,71.67.132.22,28376,17,1,445,1,45,445,445,445,0,45,45,45,0,0,0,0,0,0,0,0,0,0,0,0,0,0,0,0,0,0,1,445,1,45,0,0,0,0,445,45,0
172.16.255.1,50983,212.8.163.80,54900,17,6,591,2,109,46,98,151,57,46,54,63,12,2,4,10,3,17,17,17,0,24,24,24,24,0,0,0,0,0,6,591,2,109,0,0,0,0,591,109,0
10.0.2.15,58971,10.0.2.3,53,17,2,116,2,398,58,58,58,0,199,199,199,0,110,110,110,0,110,110,110,0,110,110,110,110,0,0,0,0,0,2,116,2,398,0,0,0,0,116,398,0
192.168.3.131,56497,65.54.95.140,80,6,17,3265,27,30206,40,192,898,336,40,1118,1500,625,4,0,4,1,4,0,4,0,4,4,4,4,0,0,0,0,0,17,3265,27,30206,3,8,0,0,692,1092,0
192.168.3.131,57244,204.14.234.85,8443,6,94,55842,121,114479,40,594,1500,654,40,946,1500,670,0,0,16,2,0,0,16,2,76,76,76,76,0,0,0,0,0,94,55842,121,114479,16,53,0,0,3820,4852,0
172.16.255.1,50983,67.117.28.180,56259,17,5,230,5,270,46,46,46,0,54,54,54,0,0,0,0,0,0,0,0,0,0,0,0,0,0,0,0,0,0,5,230,5,270,0,0,0,0,230,270,0
172.16.255.1,50983,156.26.54.15,4300,17,1,54,1,79,54,54,54,0,79,79,79,0,0,0,0,0,0,0,0,0,0,0,0,0,0,0,0,0,0,1,54,1,79,0,0,0,0,54,79,0
172.16.255.1,50983,71.67.129.20,21319,17,2,513,2,92,68,256,445,266,45,46,47,1,5,5,5,0,5,5,5,0,5,5,5,5,0,0,0,0,0,2,513,2,92,0,0,0,0,513,92,0
172.16.255.1,50983,92.224.118.42,50289,17,2,120,1,46,60,60,60,0,46,46,46,0,3,3,3,0,0,0,0,0,3,3,3,3,0,0,0,0,0,2,120,1,46,0,0,0,0,120,46,0
192.168.3.131,56022,65.55.206.199,80,6,72,11889,131,189322,40,165,1201,322,44,1445,1500,204,0,1,65,8,0,0,66,6,119,119,119,119,0,0,0,0,0,72,11889,131,189322,10,20,0,0,2892,5244,0
172.16.255.1,50983,67.9.27.118,48240,17,1,46,1,54,46,46,46,0,54,54,54,0,0,0,0,0,0,0,0,0,0,0,0,0,0,0,0,0,0,1,46,1,54,0,0,0,0,46,54,0
172.16.255.1,50983,213.19.120.150,16763,17,1,57,1,519,57,57,57,0,519,519,519,0,0,0,0,0,0,0,0,0,0,0,0,0,0,0,0,0,0,1,57,1,519,0,0,0,0,57,519,0
10.0.2.15,54657,10.0.2.3,53,17,2,140,2,772,70,70,70,0,386,386,386,0,110,110,110,0,110,110,110,0,110,110,110,110,0,0,0,0,0,2,140,2,772,0,0,0,0,140,772,0
10.0.2.15,2532,207.46.125.253,7001,17,2,96,2,96,48,48,48,0,48,48,48,0,110,110,110,0,110,110,110,0,110,110,110,110,0,0,0,0,0,2,96,2,96,0,0,0,0,96,96,0
10.0.2.15,2532,207.46.125.254,7001,17,2,96,2,96,48,48,48,0,48,48,48,0,110,110,110,0,110,110,110,0,110,110,110,110,0,0,0,0,0,2,96,2,96,0,0,0,0,96,96,0
192.168.3.131,56320,207.46.0.109,80,6,15,8175,31,22720,40,545,1458,643,40,732,1500,662,0,4,47,12,0,2,47,8,61,61,61,61,0,0,0,0,0,15,8175,31,22720,6,24,0,0,612,1252,0
192.168.3.131,56505,65.54.95.66,80,6,7,2604,9,6322,40,372,1208,562,40,702,1500,757,4,0,4,1,4,0,4,1,4,4,4,4,0,0,0,0,0,7,2604,9,6322,2,2,0,0,292,372,0
172.16.255.1,50983,208.88.186.242,13392,17,1,96,1,39,96,96,96,0,39,39,39,0,0,0,0,0,0,0,0,0,0,0,0,0,0,0,0,0,0,1,96,1,39,0,0,0,0,96,39,0
172.16.255.1,50983,114.46.144.25,29080,17,1,61,1,46,61,61,61,0,46,46,46,0,0,0,0,0,0,0,0,0,0,0,0,0,0,0,0,0,0,1,61,1,46,0,0,0,0,61,46,0
10.0.2.15,59365,10.0.2.3,53,17,2,144,2,362,72,72,72,0,181,181,181,0,110,110,110,0,110,110,110,0,110,110,110,110,0,0,0,0,0,2,144,2,362,0,0,0,0,144,362,0
172.16.255.1,50983,128.173.201.171,23537,17,1,56,1,46,56,56,56,0,46,46,46,0,0,0,0,0,0,0,0,0,0,0,0,0,0,0,0,0,0,1,56,1,46,0,0,0,0,56,46,0
172.16.255.1,50983,118.6.206.252,48570,17,4,242,2,968,59,60,62,1,484,484,484,0,2,2,4,1,6,6,6,0,8,8,8,8,0,0,0,0,0,4,242,2,968,0,0,0,0,242,968,0
192.168.3.131,57245,204.14.234.85,443,6,47,30151,73,71575,40,641,1500,660,40,980,1500,675,0,0,12,2,0,0,12,2,45,45,45,45,0,0,0,0,0,47,30151,73,71575,9,51,0,0,1892,2932,0
192.168.3.131,56503,65.54.95.140,80,6,9,2948,12,10613,40,327,899,428,40,884,1500,674,4,0,4,1,4,0,4,1,4,4,4,4,0,0,0,0,0,9,2948,12,10613,3,3,0,0,372,492,0
192.168.3.131,55972,207.46.216.54,80,6,8,2044,4,794,40,255,667,295,44,198,250,103,0,3,13,5,11,8,13,7,24,24,24,24,0,0,0,0,0,8,2044,4,794,3,3,0,0,332,164,0
192.168.3.131,55957,65.55.5.232,80,6,32,14213,16,21137,40,444,1119,449,44,1321,1482,380,0,6,67,14,0,12,67,18,192,192,192,192,0,0,0,0,0,32,14213,16,21137,15,15,0,0,1292,644,0
172.16.255.1,50983,87.121.79.141,29347,17,2,110,2,184,49,55,61,8,48,92,136,62,7,7,7,0,7,7,7,0,7,7,7,7,0,0,0,0,0,2,110,2,184,0,0,0,0,110,184,0
192.168.3.131,55962,65.55.5.232,80,6,18,8268,10,11957,40,459,1121,492,44,1195,1500,461,0,11,67,17,26,21,67,20,192,192,192,192,0,0,0,0,0,18,8268,10,11957,8,8,0,0,732,404,0
10.0.2.15,59686,10.0.2.3,53,17,2,146,2,364,73,73,73,0,182,182,182,0,110,110,110,0,110,110,110,0,110,110,110,110,0,0,0,0,0,2,146,2,364,0,0,0,0,146,364,0
192.168.3.131,55953,65.55.206.209,80,6,4,633,2,380,40,158,501,228,44,190,336,206,0,0,0,0,0,0,0,0,0,0,0,0,0,0,0,0,0,4,633,2,380,1,1,0,0,172,84,0
172.16.255.1,50983,87.64.66.227,31783,17,2,505,2,499,60,252,445,272,45,249,454,289,6,6,6,0,7,7,7,0,7,7,7,7,0,0,0,0,0,2,505,2,499,0,0,0,0,505,499,0
172.16.255.1,50983,129.132.232.116,7704,17,2,258,2,376,69,129,189,84,48,188,328,197,3,3,3,0,3,3,3,0,3,3,3,3,0,0,0,0,0,2,258,2,376,0,0,0,0,258,376,0
172.16.255.1,50983,89.34.75.134,23924,17,2,513,2,92,68,256,445,266,45,46,47,1,5,5,5,0,5,5,5,0,5,5,5,5,0,0,0,0,0,2,513,2,92,0,0,0,0,513,92,0
192.168.3.131,56168,206.108.207.155,80,6,20,2321,35,48661,40,116,792,230,40,1390,1500,354,0,0,0,0,0,0,0,0,0,0,0,0,0,0,0,0,0,20,2321,35,48661,2,2,0,0,824,1412,0
192.168.3.131,56421,72.14.213.149,80,6,4,887,4,2402,40,221,755,355,40,600,1470,690,0,0,0,0,0,0,0,0,0,0,0,0,0,0,0,0,0,4,887,4,2402,1,1,0,0,172,172,0
192.168.3.131,56501,65.54.95.140,80,6,8,2047,10,9317,40,255,898,396,40,931,1500,682,4,0,4,1,4,0,4,1,4,4,4,4,0,0,0,0,0,8,2047,10,9317,2,2,0,0,332,412,0
192.168.3.131,57243,204.14.234.85,8443,6,103,63515,148,140547,40,616,1500,656,40,949,1500,678,0,0,15,2,0,0,15,2,75,75,75,75,0,0,0,0,0,103,63515,148,140547,18,82,0,0,4216,5932,0
172.16.255.1,50983,67.64.157.145,58164,17,1,46,1,54,46,46,46,0,54,54,54,0,0,0,0,0,0,0,0,0,0,0,0,0,0,0,0,0,0,1,46,1,54,0,0,0,0,46,54,0
10.0.2.15,59794,10.0.2.3,53,17,2,136,2,694,68,68,68,0,347,347,347,0,110,110,110,0,110,110,110,0,110,110,110,110,0,0,0,0,0,2,136,2,694,0,0,0,0,136,694,0
192.168.3.131,52400,192.168.3.99,161,17,8,848,8,880,106,106,106,0,110,110,110,0,0,12,30,16,0,12,30,16,90,90,90,90,0,0,0,0,0,8,848,8,880,0,0,0,0,848,880,0
192.168.3.131,56061,195.27.155.11,80,6,14,6331,8,1544,40,452,1009,492,40,193,242,90,0,12,66,21,12,23,66,24,165,165,165,165,0,0,0,0,0,14,6331,8,1544,6,6,0,0,572,332,0
10.0.2.15,57632,10.0.2.3,53,17,2,144,2,454,72,72,72,0,227,227,227,0,110,110,110,0,110,110,110,0,110,110,110,110,0,0,0,0,0,2,144,2,454,0,0,0,0,144,454,0
172.16.255.1,50983,186.80.218.34,3290,17,2,109,2,183,49,54,60,7,47,91,136,62,1,1,1,0,0,0,0,0,1,1,1,1,0,0,0,0,0,2,109,2,183,0,0,0,0,109,183,0
192.168.3.131,55959,65.55.5.231,80,6,30,13514,15,15788,40,450,1121,457,44,1052,1393,364,0,6,66,14,0,13,66,18,192,192,192,192,0,0,0,0,0,30,13514,15,15788,14,14,0,0,1212,604,0
192.168.3.131,56510,65.54.95.68,80,6,16,1606,29,38804,40,100,994,238,40,1338,1500,451,4,0,4,1,4,0,4,0,4,4,4,4,0,0,0,0,0,16,1606,29,38804,1,1,0,0,652,1172,0
192.168.3.131,56049,206.108.207.163,80,6,4,712,4,1923,40,178,580,268,40,480,1500,692,0,0,0,0,0,0,0,0,0,0,0,0,0,0,0,0,0,4,712,4,1923,1,1,0,0,172,172,0
172.16.255.1,50983,145.94.52.184,11610,17,1,62,1,46,62,62,62,0,46,46,46,0,0,0,0,0,0,0,0,0,0,0,0,0,0,0,0,0,0,1,62,1,46,0,0,0,0,62,46,0
192.168.3.131,57246,204.14.234.85,443,6,48,33421,59,44404,40,696,1500,662,40,752,1500,691,0,0,13,2,0,0,14,2,45,45,45,45,0,0,0,0,0,48,33421,59,44404,10,30,0,0,1980,2372,0
172.16.255.1,50983,189.126.44.128,3192,17,1,60,1,46,60,60,60,0,46,46,46,0,0,0,0,0,0,0,0,0,0,0,0,0,0,0,0,0,0,1,60,1,46,0,0,0,0,60,46,0
172.16.255.1,50983,111.249.130.107,42403,17,1,62,1,46,62,62,62,0,46,46,46,0,0,0,0,0,0,0,0,0,0,0,0,0,0,0,0,0,0,1,62,1,46,0,0,0,0,62,46,0
172.16.255.1,50983,94.41.86.170,9113,17,1,62,1,593,62,62,62,0,593,593,593,0,0,0,0,0,0,0,0,0,0,0,0,0,0,0,0,0,0,1,62,1,593,0,0,0,0,62,593,0
172.16.255.1,50983,87.5.175.49,42341,17,3,573,3,1145,59,191,445,220,45,381,855,421,0,0,1,0,0,0,0,0,1,1,1,1,0,0,0,0,0,3,573,3,1145,0,0,0,0,573,1145,0
172.16.255.1,50983,190.213.76.21,62669,17,1,445,1,45,445,445,445,0,45,45,45,0,0,0,0,0,0,0,0,0,0,0,0,0,0,0,0,0,0,1,445,1,45,0,0,0,0,445,45,0
172.16.255.1,50983,217.174.56.245,8395,17,2,506,2,500,61,253,445,271,45,250,455,289,7,7,7,0,8,8,8,0,8,8,8,8,0,0,0,0,0,2,506,2,500,0,0,0,0,506,500,0
192.168.3.131,56054,206.108.207.145,80,6,8,2308,5,963,40,288,714,339,40,192,329,135,0,0,1,0,1,0,1,0,1,1,1,1,0,0,0,0,0,8,2308,5,963,3,3,0,0,332,212,0
172.16.255.1,50983,207.47.250.146,52634,17,1,60,1,484,60,60,60,0,484,484,484,0,0,0,0,0,0,0,0,0,0,0,0,0,0,0,0,0,0,1,60,1,484,0,0,0,0,60,484,0
172.16.255.1,50983,207.172.53.166,42304,17,2,109,2,614,49,54,60,7,130,307,484,250,2,2,2,0,2,2,2,0,2,2,2,2,0,0,0,0,0,2,109,2,614,0,0,0,0,109,614,0
172.16.255.1,50983,71.10.26.41,14168,17,1,60,1,46,60,60,60,0,46,46,46,0,0,0,0,0,0,0,0,0,0,0,0,0,0,0,0,0,0,1,60,1,46,0,0,0,0,60,46,0
192.168.3.131,57247,204.14.234.85,8443,6,36,23394,44,35732,40,649,1500,661,40,812,1500,688,0,1,17,3,0,0,17,3,36,36,36,36,0,0,0,0,0,36,23394,44,35732,7,14,0,0,1488,1772,0
172.16.255.1,50983,125.232.97.116,60875,17,1,60,1,46,60,60,60,0,46,46,46,0,0,0,0,0,0,0,0,0,0,0,0,0,0,0,0,0,0,1,60,1,46,0,0,0,0,60,46,0
172.16.255.1,50983,67.84.50.244,37499,17,1,46,1,54,46,46,46,0,54,54,54,0,0,0,0,0,0,0,0,0,0,0,0,0,0,0,0,0,0,1,46,1,54,0,0,0,0,46,54,0
172.16.255.1,50983,80.221.22.161,30425,17,1,62,1,484,62,62,62,0,484,484,484,0,0,0,0,0,0,0,0,0,1,1,1,1,0,0,0,0,0,1,62,1,484,0,0,0,0,62,484,0
192.168.3.131,56494,66.235.139.121,80,6,3,132,3,943,40,44,52,6,40,314,851,464,0,0,0,0,0,0,0,0,0,0,0,0,0,0,0,0,0,3,132,3,943,0,1,0,0,132,132,0
172.16.255.1,50983,173.178.118.29,54049,17,1,58,1,519,58,58,58,0,519,519,519,0,0,0,0,0,0,0,0,0,0,0,0,0,0,0,0,0,0,1,58,1,519,0,0,0,0,58,519,0
172.16.255.1,50983,174.48.244.28,31727,17,3,566,3,541,59,188,445,221,45,180,450,233,1,4,8,4,1,4,8,4,9,9,9,9,0,0,0,0,0,3,566,3,541,0,0,0,0,566,541,0
172.16.255.1,50983,88.198.13.111,21368,17,2,504,2,499,59,252,445,272,45,249,454,289,6,6,6,0,6,6,6,0,6,6,6,6,0,0,0,0,0,2,504,2,499,0,0,0,0,504,499,0
192.168.3.131,56034,65.55.206.199,80,6,18,4285,26,30784,40,238,971,332,44,1184,1500,588,0,6,68,17,0,4,68,14,118,118,118,118,0,0,0,0,0,18,4285,26,30784,5,5,0,0,732,1044,0
192.168.3.131,57244,204.14.234.85,443,6,94,55842,121,114479,40,594,1500,654,40,946,1500,670,1,0,16,2,0,0,16,2,76,76,76,76,0,0,0,0,0,94,55842,121,114479,16,53,0,0,3820,4852,0
172.16.255.1,50983,92.255.161.104,43708,17,2,513,2,92,68,256,445,266,45,46,47,1,5,5,5,0,5,5,5,0,5,5,5,5,0,0,0,0,0,2,513,2,92,0,0,0,0,513,92,0
192.168.3.131,52402,72.14.213.132,443,6,13,1552,23,26109,40,119,852,227,40,1135,1470,568,0,0,0,0,0,0,0,0,0,0,0,0,0,0,0,0,0,13,1552,23,26109,2,5,0,0,532,932,0
192.168.3.131,52497,72.14.213.120,443,6,8,1057,9,4893,40,132,587,193,40,543,1470,592,0,0,0,0,0,0,0,0,0,0,0,0,0,0,0,0,0,8,1057,9,4893,2,5,0,0,332,372,0
10.0.2.15,62310,10.0.2.3,53,17,2,120,2,292,60,60,60,0,146,146,146,0,110,110,110,0,110,110,110,0,110,110,110,110,0,0,0,0,0,2,120,2,292,0,0,0,0,120,292,0
192.168.3.131,56500,65.54.95.140,80,6,18,1590,31,39873,40,88,898,202,40,1286,1500,506,1,0,3,0,4,0,4,0,4,4,4,4,0,0,0,0,0,18,1590,31,39873,1,6,0,0,732,1252,0
172.16.255.1,50983,147.31.122.1,18165,17,1,53,1,46,53,53,53,0,46,46,46,0,0,0,0,0,0,0,0,0,1,1,1,1,0,0,0,0,0,1,53,1,46,0,0,0,0,53,46,0
172.16.255.1,50983,99.96.126.9,32178,17,1,60,1,46,60,60,60,0,46,46,46,0,0,0,0,0,0,0,0,0,1,1,1,1,0,0,0,0,0,1,60,1,46,0,0,0,0,60,46,0
172.16.255.1,50983,188.246.82.7,32291,17,1,62,1,47,62,62,62,0,47,47,47,0,0,0,0,0,0,0,0,0,0,0,0,0,0,0,0,0,0,1,62,1,47,0,0,0,0,62,47,0
172.16.255.1,50983,24.54.5.14,23389,17,1,189,1,48,189,189,189,0,48,48,48,0,0,0,0,0,0,0,0,0,0,0,0,0,0,0,0,0,0,1,189,1,48,0,0,0,0,189,48,0
192.168.3.131,56324,65.55.118.107,80,6,6,1646,3,754,40,274,737,358,52,251,351,172,1,2,12,5,12,6,12,8,13,13,13,13,0,0,0,0,0,6,1646,3,754,2,2,0,0,252,132,0
172.16.255.1,50983,69.255.24.214,24506,17,1,56,1,79,56,56,56,0,79,79,79,0,0,0,0,0,0,0,0,0,0,0,0,0,0,0,0,0,0,1,56,1,79,0,0,0,0,56,79,0
10.0.2.15,49796,10.0.2.3,53,17,2,134,2,840,67,67,67,0,420,420,420,0,110,110,110,0,110,110,110,0,110,110,110,110,0,0,0,0,0,2,134,2,840,0,0,0,0,134,840,0
10.0.2.15,2535,207.46.125.253,7001,17,4,192,4,192,48,48,48,0,48,48,48,0,0,36,110,63,0,36,110,63,110,110,110,110,0,0,0,0,0,4,192,4,192,0,0,0,0,192,192,0
172.16.255.1,50983,114.33.52.13,38843,17,1,62,1,46,62,62,62,0,46,46,46,0,0,0,0,0,0,0,0,0,1,1,1,1,0,0,0,0,0,1,62,1,46,0,0,0,0,62,46,0
172.16.255.1,50983,213.64.95.196,7892,17,1,60,1,519,60,60,60,0,519,519,519,0,0,0,0,0,0,0,0,0,0,0,0,0,0,0,0,0,0,1,60,1,519,0,0,0,0,60,519,0
172.16.255.1,50983,98.243.160.202,53755,17,1,62,1,46,62,62,62,0,46,46,46,0,0,0,0,0,0,0,0,0,0,0,0,0,0,0,0,0,0,1,62,1,46,0,0,0,0,62,46,0
192.168.3.131,55958,65.55.239.163,80,6,18,8390,9,3652,40,466,1174,507,44,405,451,135,0,11,67,17,11,24,67,19,192,192,192,192,0,0,0,0,0,18,8390,9,3652,8,8,0,0,732,364,0
172.16.255.1,50983,178.25.111.25,33453,17,2,513,2,92,68,256,445,266,45,46,47,1,5,5,5,0,5,5,5,0,5,5,5,5,0,0,0,0,0,2,513,2,92,0,0,0,0,513,92,0
172.16.255.1,50983,130.206.167.238,54002,17,1,445,1,45,445,445,445,0,45,45,45,0,0,0,0,0,0,0,0,0,0,0,0,0,0,0,0,0,0,1,445,1,45,0,0,0,0,445,45,0
